,question,answer,result,score
0,What is Nord Stream 2 and why is it important?,"Nord Stream 2 is a natural gas pipeline that doubles the amount of natural gas flowing from Russia into Germany and essentially into all of Europe. It is important because if it doesn't get turned on, it has a huge economic impact on Russia.","Nord Stream 2 is a natural gas pipeline that runs from Russia to Germany, passing under the Baltic Sea. It is important because it significantly increases the capacity for transporting natural gas from Russia to Europe, providing a more stable and secure energy supply for the region. The pipeline has been a subject of controversy and geopolitical tensions, as some countries, including the United States, have expressed concerns about Europe's increasing dependence on Russian gas and the potential for Russia to use its energy resources as a political tool. Additionally, the pipeline's construction has raised environmental concerns and faced opposition from some European countries.",CORRECT
1,What is the role of VCs in picking companies?,The role of VCs is to be a price taker of whatever prices the market sets and to pick the companies they want to be in.,"The role of VCs (venture capitalists) in picking companies is to identify and invest in promising startups and early-stage businesses with high growth potential. They assess the market opportunity, the strength of the founding team, the product or service, and the overall potential for success. Once they pick a company, they often provide not only financial support but also strategic guidance, mentorship, and access to networks and resources to help the company grow and succeed.",INCORRECT
2,What is DeFi and how does it relate to financializing assets?,"DeFi refers to decentralized finance and it involves financializing every single asset possible, including homes, cars, watches, jewelry, art, and even careers. By monetizing and financializing assets, individuals can borrow against them, trade them, and pull forward value into the future. This will create a world where all of these assets that actually exist in the real world will be much more legitimate and simpler to trade, but governments may need to create an off ramp to taxation.","DeFi, short for decentralized finance, refers to a movement in the financial industry that aims to create an open, permissionless, and decentralized financial system using blockchain technology and smart contracts. It enables various financial services, such as lending, borrowing, trading, and investing, without relying on traditional financial intermediaries like banks or other centralized institutions.

Financializing assets, in the context of DeFi, means converting various types of assets (such as homes, cars, art, or even careers) into digital tokens or representations that can be traded, borrowed against, or used as collateral on decentralized platforms. By tokenizing these assets, their value can be more easily accessed, traded, and utilized in the DeFi ecosystem, while also being tracked and recorded on the blockchain. This can potentially increase efficiency, transparency, and accessibility in the financial system.",CORRECT
3,What are the potential outcomes for Bitcoin according to the text?,"There are three potential outcomes for Bitcoin: being banned, becoming too big to fail, or being used to evade taxes.","The potential outcomes for Bitcoin according to the text include:

1. Bitcoin persisting and having good staying power as an observer, with smaller cryptocurrencies getting blown out.
2. In the very long term, Bitcoin could become a non-fiat currency backed by math and cryptography instead of government fiat, but this could take decades to happen.",INCORRECT
4,What book does Friedberg recommend for improving longevity?,Friedberg recommends the book Lifespan by David Sinclair for improving longevity.,"Friedberg recommends the book ""Lifespan"" by David Sinclair.",CORRECT
5,What is stem cell therapy and how is it related to aging?,Stem cell therapy is a new field of work that may help stop and potentially reverse the biological process of aging.,"Stem cell therapy is a type of medical treatment that involves using stem cells to repair or regenerate damaged or diseased tissues in the body. Stem cells are unique because they have the ability to differentiate into various types of cells, making them a valuable tool for treating a wide range of conditions, including age-related diseases and degenerative conditions. In the context of aging, stem cell therapy has the potential to help with issues like hearing loss, eyesight loss, and other age-related problems by regenerating or repairing damaged cells and tissues. Additionally, induced pluripotent stem cell (IPSC) therapy, which involves converting adult cells back into stem cells, is being explored as a way to reverse aging in certain cell types and improve overall health.","INCORRECT. While the student's answer provides accurate information about stem cell therapy and its potential uses in treating age-related conditions, the true answer is not accurately reflected. The true answer states that stem cell therapy may help stop and potentially reverse the biological process of aging, while the student's answer only mentions its potential to help with age-related issues."
6,What are DAOs and why are they considered game changing?,"DAOs are programmable corporate entities with governance that allow for quick formation of groups of capital at low dollar amounts to do something important or interesting in the world. They are considered game changing because they push the envelope in the same way Airbnb and Uber did in terms of bending the rules and breaking securities laws, showing a huge appetite for people to form groups of capital and forcing accreditation laws to change.","DAOs, or Decentralized Autonomous Organizations, are organizations that are run by smart contracts on a blockchain, allowing for decentralized decision-making and governance. They are considered game-changing because they enable people to quickly form groups, pool capital, and make collective decisions without the need for a centralized authority. This can lead to more efficient and transparent operations, as well as increased collaboration and innovation. Additionally, DAOs can potentially challenge traditional corporate structures and securities laws, pushing the envelope for new ways of organizing and funding projects.",CORRECT
7,What is the out in the contract that allows Elon to walk away from the deal to buy Twitter?,"If the banks don't fund the debt commitment by April, Elon has a financing contingency that allows him to walk away.","The out in the contract that allows Elon to walk away from the deal to buy Twitter is not explicitly mentioned in the provided context. However, it seems to be related to the financing contingency and the banks potentially changing their mind due to market conditions.",CORRECT
8,What is the concern of the speaker regarding the legalization of marijuana?,"The speaker is concerned that through the process of legalization, getting access to marijuana has become too easy, particularly for kids. The intensity of marijuana-based products has also increased, making it as bad as some of the other narcotics. The speaker hopes that if marijuana is legalized, the FDA will regulate the intensity of these drugs to help parents do their job.","The speaker is concerned about the ease of access to marijuana, particularly for kids, and the increased intensity of marijuana-based products, which have become much stronger than they used to be. They worry that the process of legalization has made it too easy for young people to obtain marijuana and that the higher potency of these products could have negative effects.",CORRECT
9,What is the difference between investing and trading?,"Investing is more about accumulation and building up positions over time, while trading is selling strategically and not driven by outside needs for capital.","The difference between investing and trading lies in the approach and time horizon. Investing is more about accumulating assets for long-term growth, typically by buying and holding stocks or other assets, and building up positions over time. Trading, on the other hand, involves more frequent buying and selling of assets, often driven by short-term market fluctuations and aiming to make profits in a shorter time frame. Investing focuses on long-term wealth creation, while trading seeks to capitalize on short-term market movements.",INCORRECT
10,What could have been handled better in the situation with restricted stocks on Robinhood?,The automated emails that went out to customers could have been handled better with more detail to avoid customers thinking a hedge fund forced Robinhood to restrict the stocks.,The automated emails that went out to customers saying their stocks were restricted from buying certain stocks could have been handled better. Robinhood could have offered more detail and explanation in those communications to avoid confusion and the assumption that a hedge fund forced them to restrict the stocks.,CORRECT
11,What is the direct listing model and how does it differ from the traditional method of selling shares?,The direct listing model is a true market auction that democratizes access to shares and creates fair and transparent pricing for everyone. It differs from the traditional method of selling shares by not involving a discounted sale to big banks and instead allowing for a market auction.,"The direct listing model is an alternative method for a company to go public, as opposed to the traditional initial public offering (IPO) process. In a direct listing, a company's existing shares are listed on a stock exchange, allowing current shareholders, such as employees and early investors, to sell their shares directly to the public. There is no issuance of new shares, and the company does not raise any additional capital through the process.

The main differences between a direct listing and a traditional IPO are:

1. No new shares issued: In a direct listing, the company does not issue new shares, whereas in an IPO, new shares are issued to raise capital.

2. No underwriters: In a direct listing, there are no investment banks acting as underwriters to help set the initial share price and sell the shares to institutional investors. This means that the company avoids paying underwriting fees, which can be significant in a traditional IPO.

3. No lock-up period: In a direct listing, there is typically no lock-up period for existing shareholders, meaning they can sell their shares immediately upon listing. In a traditional IPO, there is usually a lock-up period of around 180 days, during which existing shareholders are restricted from selling their shares.

4. Price discovery: In a direct listing, the opening share price is determined by the market through a bidding process, allowing for a more transparent and fair price discovery. In a traditional IPO, the initial share price is set by the underwriters, which can sometimes lead to significant underpricing and a large ""pop"" in the share price on the first day of trading.

Overall, the direct listing model aims to democratize access to shares, create fair and transparent pricing, and reduce the costs associated with going public.",CORRECT
12,What is the real purpose behind the regulation on Facebook according to the text?,"The real purpose behind the regulation on Facebook is to seize control and influence over the machinery of social networking, because the news feed now controls the flow of information in our society.","The real purpose behind the regulation on Facebook, according to the text, is to create new regulatory oversight of social networks and potentially establish a dedicated oversight body with the power to oversee social media platforms. This would involve prescribing regulations and rules for social networks in terms of how their news feeds and content are managed.",CORRECT
13,What is the difference between censorship on the supply side and censorship on the demand side of the platform?,"Censorship on the supply side of the platform refers to the removal of content by the platform, while censorship on the demand side refers to the rewriting of newsfeed rules to determine what content users see.","Censorship on the supply side refers to controlling or limiting the content that is being created and shared on a platform, while censorship on the demand side refers to controlling or limiting what users can see and access on the platform. Supply side censorship focuses on the source of the content, while demand side censorship focuses on the users and their access to the content.",INCORRECT
14,What is the thesis behind institutional custody in crypto?,"The thesis behind institutional custody in crypto is that crypto would go more institutional and endowments and so on are realizing they need to have some portion, maybe one or two percent of their portfolio in crypto.","The thesis behind institutional custody in crypto is that as the cryptocurrency market grows and matures, there will be an increasing demand for secure, regulated, and professional custody solutions for institutional investors and large-scale market participants. These investors require a higher level of security, compliance, and risk management than retail investors, and traditional custodial services may not be equipped to handle the unique challenges and requirements of managing digital assets. Institutional custody in crypto aims to provide these services, ensuring the safekeeping of digital assets while also enabling institutions to access the broader ecosystem of cryptocurrency investments and opportunities.","INCORRECT. The student's answer provides a more detailed and accurate explanation of the thesis behind institutional custody in crypto, while the true answer only mentions the idea that institutions are realizing they need to invest in crypto."
15,What is the main agenda item for the conservative justices on the Supreme Court?,"The main agenda item for the conservative justices on the Supreme Court is to correct the course of the Supreme Court's interpretation of the Constitution, with regards to abortion, which they believe is the most out of bounds.","The main agenda item for the conservative justices on the Supreme Court is correcting the course of the Supreme Court's interpretation of the Constitution, particularly in relation to the Roe v. Wade decision, which they believe was the most out of bounds and made up.",CORRECT
16,What was one of the reasons why Donald Trump was elected in 2016?,"Donald Trump was elected, in no small part, because he pledged to put justices on the court who would overrule Roe and Casey.","One of the reasons why Donald Trump was elected in 2016 was because of the issues he ran on, such as the trade issue with China, which resonated with voters in Rust Belt states.",INCORRECT
17,What is the principle of stare decisis and how is it relevant to the discussion of Roe?,The principle of stare decisis is the legal principle of determining points in litigation according to precedent. It is relevant to the discussion of Roe because Justice Alito's draft opinion outlines this principle and argues that Roe should be overruled despite being a precedent.,"The principle of stare decisis is a legal doctrine that states courts should generally follow and uphold their previous decisions, especially when those decisions have been in effect for a long time and have established a precedent. It is relevant to the discussion of Roe (Roe v. Wade) because Roe and its subsequent reaffirmation in Casey (Planned Parenthood v. Casey) have established a precedent on abortion rights for over 50 years. The principle of stare decisis suggests that the Supreme Court should not overturn these decisions without a good reason, as doing so would disrupt the established legal framework and potentially undermine the court's credibility.","INCORRECT. The student's answer is mostly correct in defining stare decisis and its relevance to Roe, but the true answer clarifies that Justice Alito's draft opinion argues for overturning Roe despite it being a precedent."
18,What is Article 5 of NATO and how does it affect the United States?,"Article 5 of NATO states that an attack on one member is an attack on all, which means the United States is obligated to defend other NATO nations if they are attacked. This requirement enhances the security of the United States by promoting collective defense among NATO members.","Article 5 of NATO is the collective defense clause in the North Atlantic Treaty Organization's founding treaty. It states that an attack on one member nation is considered an attack on all member nations, and they are obligated to come to the defense of the attacked nation. This affects the United States because, as a NATO member, it is committed to defending other member nations if they are attacked, potentially drawing the U.S. into conflicts that may not directly involve its own national interests.",CORRECT
19,What is the author's opinion on the editorialization of AI products?,"The author disagrees with the idea that AI products will have to be editorialized products ultimately, and thinks that the trust and safety layer is a separate issue where big tech companies exercise their control and editorial judgments come in.","The author seems to believe that editorialization of AI products is inevitable, as it follows the same pattern as other platforms like Google, YouTube, and Twitter. They also acknowledge that there will be biases and content restrictions driven by the owners and operators of the algorithms, as well as public pressure and potential government intervention. However, the author does not explicitly state whether they think this editorialization is good or bad.",CORRECT
20,What is Section 230 and why was it created?,"Section 230 is a provision in the Communications Decency Act of 1996 that treats internet platforms as distributors rather than publishers of user-generated content. It was created to protect these platforms from being litigated to death by treating them as distributors, not publishers.","Section 230 is a part of the Communications Decency Act of 1996, which provides legal protection to internet platforms that host user-generated content. It states that no provider or user of an interactive computer service shall be treated as the publisher or speaker of any information provided by another information content provider. In simple terms, it means that platforms like Facebook, Twitter, and Google are not responsible for the content posted by their users.

Section 230 was created to protect these platforms from being litigated to death by treating them as distributors rather than publishers. This distinction allowed the internet to grow and foster user-generated content without putting undue legal burden on the platforms hosting that content. The idea was to encourage innovation and free expression on the internet while shielding platforms from liability for the actions of their users.",CORRECT
21,What is the reason why big tech companies do not have a clearinghouse mechanism for all the content that gets included in a recommendation algorithm?,"They do not have a clearinghouse mechanism for all the content that gets included in a recommendation algorithm for efficiency, monetization, virality, and content velocity.","The reason big tech companies do not have a clearinghouse mechanism for all the content that gets included in a recommendation algorithm is mainly due to efficiency, monetization, virality, and content velocity. Implementing such a mechanism would cut down their margins, make them less profitable, and slow down the distribution of content.",CORRECT
22,What is the author's opinion on the role of antitrust in promoting innovation?,"The author believes that without the threat of antitrust action, big monopolies or duopolies will stifle innovation and become gatekeepers.","The author believes that antitrust should be focused on ensuring competition and promoting innovation. They express concerns about the potential chilling effect on reasonable exits in Silicon Valley if antitrust is approached in a punitive way, which could hinder innovation. Instead, they suggest using other tools to rein in monopolies, such as allowing side loading and enabling competitive app stores, which could help promote innovation and competition in the market.",INCORRECT
23,What is the author's opinion on the role of comedy during the pandemic?,"The author believes that comedy should shed light on obvious things that are not allowed to be said, and that we should not censor people for having an opinion. The author also believes that we can joke about the coronavirus and that we don't need to stifle discussions or put labels on people questioning or having a debate.","The author believes that comedy should not be stifled during the pandemic and that people should be able to joke about the coronavirus and discuss it without censorship. They mention that after 9/11, there was a fear that comedy would be over, but it eventually came back, and they think the same will happen during and after the pandemic.",CORRECT
24,Who is Lena Kahn and what is her role in the FTC?,Lena Kahn is a 32-year-old who has been confirmed to the FTC with bipartisan support. She is a well-established critic of Big Tech and is leading the FTC. She is concerned about consumer welfare and wants to rethink the entire concept of antitrust. She has formed her opinions by talking to venture capitalists who were concerned about Amazon's dominance and other companies in the competitive space.,"Lena Kahn is a well-established critic of Big Tech who was confirmed to the Federal Trade Commission (FTC) in 2021 with bipartisan support. At the age of 32, she became the leader of the FTC, making her one of the youngest people to hold the position. Her role in the FTC involves overseeing and regulating businesses, with a focus on antitrust and fair competition practices.",CORRECT
25,What is the main message conveyed by Michael Schellenberger's book and videos about San Francisco's homeless policies?,"The main message conveyed is that San Francisco's policies create incentives for people to live on the streets and maintain their addiction, which can cause more harm than good. The city has the lowest price of drugs, the lowest enforcement, and the most incentives, which attracts addicted people from other places. The compassionate thing to do is to force people into housing and provide them with intervention from family, friends, or the city to overcome their addiction.","The main message conveyed by Michael Schellenberger's book and videos about San Francisco's homeless policies is that the city's incentives and policies, although well-intentioned, have unintentionally caused more harm than good. These policies have led to an increase in homelessness and drug addiction, as they provide cash welfare payments and low enforcement, making it easier for people to maintain their addictions and live on the streets. The message emphasizes the importance of carefully structuring policies to ensure they do not create negative consequences.",CORRECT
26,What happened to Yammer after it was folded into the office suite?,"Yammer disappeared because it didn't have its own independent pricing and sales team, and the promotion of it stopped because nobody had an incentive to sell or market it.",Yammer was acquired by Microsoft and got integrated into the Office suite. It has been somewhat buried inside of Microsoft but is still available and used by some organizations for internal communication and collaboration.,INCORRECT
27,What is the Facebook WhatsApp merger and how was it absorbed back into the mothership?,"The Facebook WhatsApp merger was a product with zero monetization that was slowly absorbed back into the mothership. There were a lot of strategic touch points within WhatsApp and core Facebook app and everything else that they were doing. The merger was probably pretty instructive, which is Jan had two years roughly where he was left alone to kind of like run independently.","The Facebook WhatsApp merger refers to Facebook's acquisition of WhatsApp in 2014 for $19 billion. Initially, WhatsApp was allowed to run independently for about two years under the leadership of its co-founder, Jan Koum. However, over time, WhatsApp was gradually absorbed back into Facebook's core operations, integrating its technology and resources with Facebook's other products and services. This process is referred to as being absorbed back into the ""mothership,"" meaning that WhatsApp became more closely integrated with Facebook's overall ecosystem.",CORRECT
28,What is fraudulent conveyance and how does it relate to the situation being discussed?,"Fraudulent conveyance is a concept in law where if you receive money that was fraudulently acquired by someone else, you have to give the money back. In this situation, if it can be proven that the $15 million Kevin O'Leary received came from SBF raiding user accounts, he will have to pay the money back.","Fraudulent conveyance refers to the transfer of money or assets that is done with the intent to defraud, hinder, or delay creditors from collecting on a debt. In the situation being discussed, if it can be shown that the $15 million received by the individual came from someone who fraudulently acquired that money (e.g., by raiding user accounts), then the recipient would have to return the money. This is similar to cases like the Bernie Madoff fraud, where people who received money from the scheme had to return their ill-gotten gains, even if they were unaware of the fraud.",CORRECT
29,What is the controversy surrounding shadow banning and how are tech companies responding to it?,"The controversy surrounding shadow banning is that it was initially denied by tech companies, but later proven to be true. Tech companies are now facing calls for transparency and accountability, with some suggesting that laws should be put in place to ensure users can see if they have been shadow banned and appeal the decision.","The controversy surrounding shadow banning involves social media platforms like Twitter allegedly suppressing certain users' content without their knowledge, often based on their political viewpoints. Critics argue that this practice infringes on free speech rights and unfairly targets specific groups or individuals. In response to this controversy, some tech companies, like Twitter, are working on providing more transparency and clarity about their content moderation practices, including providing information about why an account is suspended or has visibility filtering (shadow banning). They aim to roll out these features to ensure that users are aware of any actions taken against their accounts and the reasons behind them.",CORRECT
30,What is the article 'The Taxonomy of Fear' about?,"The article analyzes cancel culture and the language used to cancel people, and diagnoses what the author calls 'safetyism', which is the claim that someone's safety is being threatened by an idea they don't like.","The article 'The Taxonomy of Fear' by Emily Yoff is about analyzing cancel culture and the language that's used to cancel people. It discusses the concept of safetyism, where people claim their safety is being threatened by an idea or someone else's words, regardless of the intent or reasonableness of the objection. The article highlights how this language is used in cancel culture and its impact on freedom of speech and public discourse.",CORRECT
31,What is cancel culture and how does it relate to Donald Trump?,"Cancel culture is the practice of publicly shaming and boycotting individuals or groups who have expressed controversial opinions or beliefs. Some people believe that cancel culture has gone too far and that Donald Trump is a shield against it, protecting those who have been targeted by cancel culture.","Cancel culture refers to the practice of publicly calling out and boycotting individuals or entities that are deemed to have done something offensive or harmful, often resulting in damage to their reputation and career. In the context of Donald Trump, he is seen by some as a protector against cancel culture, as he has been able to survive numerous attempts to ""cancel"" him, such as impeachment and constant criticism from the media. His perceived ""uncancellability"" makes him a hero to those who oppose cancel culture.","PARTIALLY CORRECT. The student's answer accurately defines cancel culture, but their interpretation of how it relates to Donald Trump is subjective and not entirely accurate. The true answer provides a more objective explanation."
32,What are SPACs and how are they related to the proliferation of capital in the startup industry?,"SPACs are a type of cross-over investing that takes growth stage, private equity style risk in the public markets with the proliferation of capital. They are related to the proliferation of capital in the startup industry because they provide access to capital on the back end, allowing for more risk-taking on the early end and more bets to be made.","SPACs, or Special Purpose Acquisition Companies, are essentially shell companies that raise money through an initial public offering (IPO) with the purpose of acquiring a private company, taking it public in the process. They are related to the proliferation of capital in the startup industry because they provide an alternative way for startups to access public markets and raise significant capital. This increased access to capital allows startups to take more risks in their early stages and make more bets on their growth. The rise of SPACs has also led to a more vibrant entrepreneurial ecosystem, with more competition in financing and a faster path to going public for startups.","PARTIALLY CORRECT. The student accurately describes SPACs as shell companies that raise money through an IPO with the purpose of acquiring a private company and taking it public. They also correctly state that SPACs provide an alternative way for startups to access public markets and raise significant capital, which allows for more risk-taking and growth. However, the true answer emphasizes that SPACs are a type of cross-over investing that takes growth stage, private equity style risk in the public markets, which the student does not mention. Additionally, the true answer states that SPACs provide access to capital on the back end, allowing for more risk-taking on the early end and more bets to be made, which the student does not mention. Overall, the student's answer is mostly correct but lacks some important details from the true answer. Therefore, the grade is PARTIALLY CORRECT."
33,What is the perceived role of Bitcoin in relation to government money printing and inflation?,Bitcoin is perceived as the antidote to inflation and money printing by the government.,"Bitcoin is perceived as an antidote to inflation and money printing by the government. It is seen as a decentralized currency that is not subject to manipulation by central banks, providing an alternative to traditional government-controlled currencies. This has led to increased interest in Bitcoin, especially during times of economic uncertainty and concerns about inflation.",CORRECT
34,What are some potential outcomes for Bitcoin according to the speaker?,"The speaker mentions three potential outcomes for Bitcoin: being banned, facing significant financial loss, or continuing to grow despite government opposition.","Some potential outcomes for Bitcoin according to the speaker include: 
1. Bitcoin becoming a replacement for the US dollar or an alternative to traditional monetary systems.
2. Bitcoin persisting and having good staying power as an observer.
3. Bitcoin's value continuing to fluctuate, with people betting on whether it will go up or down in value.",INCORRECT
35,What is the grievance industrial complex and how does it relate to the media?,The grievance industrial complex is a group of people who manufacture grievances to manipulate the media. They invent stories to fit a certain narrative and know that it's easy to manipulate the media. This relates to the media because they fall for these stories and create sensationalized news without fact checking.,"The grievance industrial complex refers to a system where media outlets and content companies exploit controversies, conflicts, and grievances to generate clicks, views, and revenue. It relates to the media because these outlets often prioritize sensationalism and emotional appeal over objective reporting and truth-seeking. This can lead to the spread of misinformation, perpetuation of biases, and a lack of trust in the media. The grievance industrial complex thrives on creating and amplifying divisions, often at the expense of accurate and balanced reporting.",INCORRECT. The student's answer provides a more accurate and nuanced understanding of the grievance industrial complex and its relationship to the media. The true answer oversimplifies and misrepresents the concept.
36,What is room temperature superconductivity and why is it significant?,"Room temperature superconductivity is a phenomenon that could revolutionize various industries by making renewable energy super cheap, computing power 99% less power intensive, and AI chips more efficient. It is significant because it has the potential to transform markets and increase productivity.","Room temperature superconductivity refers to the ability of a material to conduct electricity without any resistance at room temperature. It is significant because if realized, it could transform various industries and applications, such as transmission lines, battery storage, maglev trains, and superconducting microprocessors. This would make renewable energy much cheaper, increase productivity, and greatly reduce the power consumption of computing devices, potentially leading to major advancements in technology and energy efficiency.",CORRECT
37,What is the big story behind the leaked tax records of the wealthiest Americans?,"The big story is the leak of the tax records, not necessarily the capital gains or how they work. The leak has sparked discussions about publishing tax records and implementing a wealth tax.","The big story behind the leaked tax records of the wealthiest Americans is the leak itself, which revealed that some of the wealthiest individuals, like Jeff Bezos, paid little to no taxes in certain years and were able to take huge deductions. This leak has sparked discussions about the fairness of the tax system, wealth inequality, and the potential need for a wealth tax or other tax reforms. Additionally, there are concerns about who released the data and the implications of such leaks on privacy and security.",CORRECT
38,What is the potential positive outcome of approving the biogen drug for Alzheimer's disease?,"Approving the biogen drug could create a market that incentivizes other companies to find a solution, ultimately benefiting patients more than the current drug.","The potential positive outcome of approving the biogen drug for Alzheimer's disease is that it could create a market that ultimately incentivizes other companies and researchers to enter the field and develop more effective treatments. By recognizing the potential of a large market, more startups and established companies may invest in research and development for Alzheimer's treatments, which could eventually lead to the discovery of more effective solutions for the disease. Additionally, the approval of the drug may provide some hope and a treatment option for Alzheimer's patients and their families, who currently have limited options available to them.",CORRECT
39,What is the principle of taxation in the United States?,"The principle of taxation in the United States is that you are taxed on income and income is a recognized gain. Meaning when you sell an asset for cash or for some other asset, or you do a job and then you get paid, you get that cash that you can now go use to go buy something or to do whatever you want to do with. That is the transaction moment that you get taxed on.","The principle of taxation in the United States is that you are taxed on income and income is a recognized gain, meaning when you sell an asset for cash or for some other asset.",CORRECT
40,What is the risk associated with living on margin?,"Living on margin involves taking a big risk, as the individual is taking on too much debt and may end up owing more than the value of the collateral if the stock price goes down.","The risk associated with living on margin is that it involves borrowing money to invest, which amplifies both potential gains and losses. If the investments perform poorly, the investor may face a margin call, requiring them to deposit additional funds or sell assets to cover the losses. This can lead to a rapid depletion of their net worth and even result in owing more money than they initially invested. Additionally, living on margin can lead to higher interest costs and the possibility of forced liquidation if the investor is unable to meet margin requirements.",CORRECT
41,What is the potential risk mentioned in the Seeking Alpha article about SVB financial?,"The potential risk mentioned in the Seeking Alpha article about SVB financial is that potential losses in loan portfolios could severely impair book equity, unrealized losses in hold to maturity portfolio already equal to book equity, and the funding environment for startups were pressure deposit base adding even more pressure to the balance sheet.","The potential risk mentioned in the Seeking Alpha article about SVB financial includes: 1) potential losses in loan portfolios that could severely impair book equity, 2) unrealized losses in the hold-to-maturity portfolio already equal to book equity, and 3) a funding environment for startups that could pressure the deposit base, adding even more pressure to the balance sheet.",CORRECT
42,What is the beauty of Silicon Valley according to the text?,"The beauty of Silicon Valley is that companies offer equity to everybody, which can create leverage in one's life and allow anyone to pursue a path of equity.","The beauty of Silicon Valley, according to the text, is its ability to reinvent other industries through technology, attract talent from various fields, and create an osmotic and permeable ecosystem that allows new people and ideas to enter. It has also benefited from the influx of capital from various sources, leading to more angel investing and venture capital opportunities. The ecosystem has evolved over time, becoming more diverse and inclusive, with various funding options available for startups and entrepreneurs.",INCORRECT
43,Why do people love the podcast according to the speaker?,"People love the podcast because they appreciate the friendship between the hosts and the unfiltered view they provide on technology and its impact on the world. The hosts also take all sides of issues and present them in a reasonable point of view rooted in some amount of success, which gives them credibility. Additionally, the act of steel manning arguments creates a contrast against every other alternative that is biased.","People love the podcast because it features a genuine friendship among the hosts, making it relatable and mapping to relationships that listeners have with their own friends. Additionally, the hosts have unique points of view about important topics, particularly technology and its impact on the world, providing an unfiltered perspective. The podcast also involves long-form discussions, intellectual honesty, and taking unpopular positions, which makes it informative, insightful, and engaging for the audience.",CORRECT
44,What is the reason for the energy crisis in Europe?,"The energy crisis in Europe is caused by the shutting off of 40 percent of the energy supply to the continent leading into winter, which is causing significant price climbs and is unbearable for the average household, small business, and small building. The lack of Russian energy is also contributing to the crisis.","The energy crisis in Europe is due to a combination of factors, including a heavy reliance on Russian natural gas (which accounts for 40% of Europe's energy consumption), reduced nuclear power capacity in France due to shutdowns over corrosion problems, droughts affecting hydroelectric power, and a shift away from nuclear energy and other sources due to environmental concerns. The ongoing conflict between Russia and Ukraine has also exacerbated the situation, as it has disrupted energy supplies and increased prices.",INCORRECT
45,What is the reason for the subpoena that Sacks received from Twitter?,The subpoena is for production of business records in an action pending outside California and demands any of Sacks's communications with any of his friends over the last six months.,"The reason for the subpoena that Sacks received from Twitter is related to the legal battle between Twitter and Elon Musk. Twitter's lawyers are seeking any communications Sacks may have had with his friends over the last six months, possibly in an attempt to find evidence that Elon Musk used his network of friends to influence the deal or gather nonpublic information. Sacks is not directly involved in the legal battle, but he has been commenting on the situation on Twitter, which may have drawn the attention of Twitter's lawyers.",CORRECT
46,What is the island chain strategy and how does Taiwan fit into it?,"The island chain strategy is a policy of containing China by controlling a series of island chains surrounding it. Taiwan is a central island in this strategy, dividing the East China Sea from the South China Sea, and is considered an unsinkable aircraft carrier that allows America to project power into the Pacific.","The island chain strategy was originally created by John Foster Dulles, the Secretary of State under Eisenhower, as a way to contain China in East Asia. The basic idea is that China is surrounded by a series of island chains. The first island chain goes down from the southern tip of Japan to Okinawa, to Taiwan, and includes some islands in the South China Sea and the northwest tip of the Philippines. The second island chain goes down to Indonesia, and there might be a third island chain that includes Guam. The idea is to bottle up and contain China by controlling these island chains. Taiwan is a central part of this strategy, as it divides the East China Sea, where South Korea and Japan are located, from the South China Sea, where Vietnam and Malaysia are located. Controlling Taiwan allows the US to project power into the Pacific and helps in containing China.",CORRECT
47,What is the best way to optimize for return and for mental clarity according to the text?,"Over the last 30 or 40 years, over multiple cycles, it has been seen that raising funds at around 550 million dollars is the best way to optimize both for return and for mental clarity and for making LPs happy.","The best way to optimize for return and mental clarity, according to the text, is by raising and managing a fund size of around $450 million to $550 million, as mentioned in the example of Benchmark. This allows for focus, making LPs (Limited Partners) happy, and optimizing every variable.",CORRECT
48,What is the speaker's opinion on the concept of the metaverse?,"The speaker thinks that the concept of the metaverse is a renaming of something that has already been going on for a long time, and that people have been finding value in digital goods and accomplishments in the digital universe through games like Minecraft and Fortnite. The speaker believes that the notion of calling it the metaverse and trying to own it as a future singular universe is a misguided concept.","The speaker seems to be critical of the concept of the metaverse, particularly when it comes to Facebook's involvement. They believe that developers should not support Zuckerberg's vision of the metaverse and should instead focus on a decentralized, open-source platform. They also express concerns about giving Zuckerberg more power and the potential risks if Google and Apple take hardware costs to zero.",INCORRECT
49,What is inflation and how does it occur?,"Inflation is too much money chasing too few goods. It occurs when there is a shortage in the production of goods and services that people want, while there is a monetary and fiscal expansion coming out of Washington.","Inflation is the rate at which the general level of prices for goods and services is rising, and subsequently, the purchasing power of currency is falling. It occurs when there is too much money chasing too few goods. Inflation can happen in two ways: 1) when there is a massive increase in the supply of money, causing prices to go up as goods and services get repriced to absorb the increased money supply, and 2) when middle and lower-income people buy and spend more, as their increased consumption leads to higher demand for goods and services, pushing prices up. Factors such as labor shortages, fiscal and monetary expansion, and supply chain disruptions can also contribute to inflation.","INCORRECT. While the student's answer includes some accurate information, it is not entirely correct. The true answer states that inflation occurs when there is a shortage in the production of goods and services that people want, while the student's answer states that it occurs when there is too much money chasing too few goods. Additionally, the true answer mentions a monetary and fiscal expansion coming out of Washington, while the student's answer includes other factors such as labor shortages and supply chain disruptions."
50,What does the speaker think would be Elon Musk's biggest contribution to society?,"The speaker thinks that if Elon Musk gets control of Twitter and creates a strong, reliable moral force for free speech, that would be his biggest contribution to society.","The speaker thinks that Elon Musk's biggest contribution to society would be if he gains control of Twitter and creates a strong, reliable moral force for free speech. This would allow people to express their opinions without fear of retribution and encourage open discussions and the sharing of diverse ideas.",CORRECT
51,What is car T therapy and how is it used in oncology?,Car T therapy is a type of therapy that engineers T cells to destroy specific cancer cells in the body. It is used in oncology to treat cancer and has shown to be extremely effective in causing complete remission in many cases.,"Car T therapy, or chimeric antigen receptor T-cell therapy, is a type of immunotherapy that involves genetically engineering a patient's own T cells to target and destroy specific cancer cells. In oncology, it is used to treat certain types of blood cancers and solid tumors. The process involves extracting T cells from the patient's blood, modifying them in a lab to recognize specific cancer cell proteins, and then reintroducing the engineered T cells back into the patient's body. These modified T cells can then specifically target and eliminate cancer cells, leading to remission in some cases.",CORRECT
