,index,number,link,title,img
0,"E121: Macro update, Fed hike, CRE debt bubble, Balaji's Bitcoin bet, TikTok's endgame & more",121.0,https://www.youtube.com/watch?v=ub9QcwSgbjc&list=UUESLZhusAkFfsNsApnjF_Cg&index=1,"E121: Macro update, Fed hike, CRE debt bubble, Balaji's Bitcoin bet, TikTok's endgame & more",https://i.ytimg.com/vi/ub9QcwSgbjc/hqdefault.jpg?sqp=-oaymwEcCNACELwBSFTyq4qpAw4IARUAAIhCGAFwAcABBg==&rs=AOn4CLD4wsvsnmwo3EmUjgf9ETJfumd0jA
1,E120: Banking crisis and the great VC reset,120.0,https://www.youtube.com/watch?v=yYwfiqYocc0&list=UUESLZhusAkFfsNsApnjF_Cg&index=2,E120: Banking crisis and the great VC reset,https://i.ytimg.com/vi/yYwfiqYocc0/hqdefault.jpg?sqp=-oaymwEcCNACELwBSFTyq4qpAw4IARUAAIhCGAFwAcABBg==&rs=AOn4CLATnNXMO4Js6vXjQqqWOu9Yg-RqIQ
2,"E119: Silicon Valley Bank implodes: startup extinction event, contagion risk, culpability, and more",119.0,https://www.youtube.com/watch?v=CEee7dAk25c&list=UUESLZhusAkFfsNsApnjF_Cg&index=3,"E119: Silicon Valley Bank implodes: startup extinction event, contagion risk, culpability, and more",https://i.ytimg.com/vi/CEee7dAk25c/hqdefault.jpg?sqp=-oaymwEcCNACELwBSFTyq4qpAw4IARUAAIhCGAFwAcABBg==&rs=AOn4CLDT79CD4Ax4d97d9NindIl_NS0XFw
3,"E118: AI FOMO frenzy, macro update, Fox vs Dominion, US vs China & more with Brad Gerstner",118.0,https://www.youtube.com/watch?v=FOuks3BM55o&list=UUESLZhusAkFfsNsApnjF_Cg&index=4,"E118: AI FOMO frenzy, macro update, Fox vs Dominion, US vs China & more with Brad Gerstner",https://i.ytimg.com/vi/FOuks3BM55o/hqdefault.jpg?sqp=-oaymwEcCNACELwBSFTyq4qpAw4IARUAAIhCGAFwAcABBg==&rs=AOn4CLA1Sh4BdwaeW_JgfU6S373LKOB0kg
4,"E117: Did Stripe miss its window? Plus: VC market update, AI comes for SaaS, Trump's savvy move",117.0,https://www.youtube.com/watch?v=OKshpRGOY0I&list=UUESLZhusAkFfsNsApnjF_Cg&index=5,"E117: Did Stripe miss its window? Plus: VC market update, AI comes for SaaS, Trump's savvy move",https://i.ytimg.com/vi/OKshpRGOY0I/hqdefault.jpg?sqp=-oaymwEcCNACELwBSFTyq4qpAw4IARUAAIhCGAFwAcABBg==&rs=AOn4CLDVTO_dMoA2aGUtyoCwFGwOjJBQFA
5,"E116: Toxic out-of-control trains, regulators, and AI",116.0,https://www.youtube.com/watch?v=yjso9aZGaO0&list=UUESLZhusAkFfsNsApnjF_Cg&index=6,"E116: Toxic out-of-control trains, regulators, and AI",https://i.ytimg.com/vi/yjso9aZGaO0/hqdefault.jpg?sqp=-oaymwEcCNACELwBSFTyq4qpAw4IARUAAIhCGAFwAcABBg==&rs=AOn4CLCAnCxAqsubvN0c5dqwoNP1CPUA3w
6,"E115: The AI Search Wars: Google vs. Microsoft, Nordstream report, State of the Union",115.0,https://www.youtube.com/watch?v=PVgBWV2bvLs&list=UUESLZhusAkFfsNsApnjF_Cg&index=7,"E115: The AI Search Wars: Google vs. Microsoft, Nordstream report, State of the Union",https://i.ytimg.com/vi/PVgBWV2bvLs/hqdefault.jpg?sqp=-oaymwEcCNACELwBSFTyq4qpAw4IARUAAIhCGAFwAcABBg==&rs=AOn4CLDGPaKNlzhoqJFj20hnCaUCM1tg1g
7,"E114: Markets update: whipsaw macro picture, big tech, startup mass extinction event, VC reckoning",114.0,https://www.youtube.com/watch?v=Ymo6Yzjv_KY&list=UUESLZhusAkFfsNsApnjF_Cg&index=8,"E114: Markets update: whipsaw macro picture, big tech, startup mass extinction event, VC reckoning",https://i.ytimg.com/vi/Ymo6Yzjv_KY/hqdefault.jpg?sqp=-oaymwEcCNACELwBSFTyq4qpAw4IARUAAIhCGAFwAcABBg==&rs=AOn4CLAHO5SUhXnz-t2hlqndvOYJBNIYhg
8,"E113: DOJ tries to break up Google, vaccine questions, Ukraine escalation & more",113.0,https://www.youtube.com/watch?v=CwQMMzoeH9s&list=UUESLZhusAkFfsNsApnjF_Cg&index=9,"E113: DOJ tries to break up Google, vaccine questions, Ukraine escalation & more",https://i.ytimg.com/vi/CwQMMzoeH9s/hqdefault.jpg?sqp=-oaymwEcCNACELwBSFTyq4qpAw4IARUAAIhCGAFwAcABBg==&rs=AOn4CLDD0jfnP1pCp1p-JNjBJMDtsbVczg
9,"E112: Is Davos a grift? Plus: globalist mishaps, debt ceilings, TikTok's endgame & more",112.0,https://www.youtube.com/watch?v=T7E22zdUDpk&list=UUESLZhusAkFfsNsApnjF_Cg&index=10,"E112: Is Davos a grift? Plus: globalist mishaps, debt ceilings, TikTok's endgame & more",https://i.ytimg.com/vi/T7E22zdUDpk/hqdefault.jpg?sqp=-oaymwEcCNACELwBSFTyq4qpAw4IARUAAIhCGAFwAcABBg==&rs=AOn4CLB5DrD6HjZ_n-nDu8rQPQZiNyuFEQ
10,"E111: Microsoft to invest $10B in OpenAI, generative AI hype, America's over-classification problem",111.0,https://www.youtube.com/watch?v=kiMTRQXBol0&list=UUESLZhusAkFfsNsApnjF_Cg&index=11,"E111: Microsoft to invest $10B in OpenAI, generative AI hype, America's over-classification problem",https://i.ytimg.com/vi/kiMTRQXBol0/hqdefault.jpg?sqp=-oaymwEcCNACELwBSFTyq4qpAw4IARUAAIhCGAFwAcABBg==&rs=AOn4CLDw7nkMX_40ZkhG6wZAx6dOjHNz3g
11,E110: 2023 Bestie Predictions!,110.0,https://www.youtube.com/watch?v=M3UjMit3xGY&list=UUESLZhusAkFfsNsApnjF_Cg&index=12,E110: 2023 Bestie Predictions!,https://i.ytimg.com/vi/M3UjMit3xGY/hqdefault.jpg?sqp=-oaymwEcCNACELwBSFTyq4qpAw4IARUAAIhCGAFwAcABBg==&rs=AOn4CLC_NkeFKNbjRQZbw2fhwJpydmzdyw
12,E109: 2022 Bestie Awards Live from Twitter HQ,109.0,https://www.youtube.com/watch?v=HE5CTKqWEV0&list=UUESLZhusAkFfsNsApnjF_Cg&index=13,E109: 2022 Bestie Awards Live from Twitter HQ,https://i.ytimg.com/vi/HE5CTKqWEV0/hqdefault.jpg?sqp=-oaymwEcCNACELwBSFTyq4qpAw4IARUAAIhCGAFwAcABBg==&rs=AOn4CLC7kI8fu5CMJXisxB3rjPVtXfsPOw
13,"E108: Doxing debate, Nuclear fusion breakthrough, state of the markets & more",108.0,https://www.youtube.com/watch?v=RDdjA4yJy88&list=UUESLZhusAkFfsNsApnjF_Cg&index=14,"E108: Doxing debate, Nuclear fusion breakthrough, state of the markets & more",https://i.ytimg.com/vi/RDdjA4yJy88/hqdefault.jpg?sqp=-oaymwEcCNACELwBSFTyq4qpAw4IARUAAIhCGAFwAcABBg==&rs=AOn4CLB4n9JjyuRzrDDN7U3BRmBtwz4xNQ
14,"E107: The Twitter Files Parts 1-2: shadow banning, story suppression, interference & more",107.0,https://www.youtube.com/watch?v=o6HBFo7ft9k&list=UUESLZhusAkFfsNsApnjF_Cg&index=15,"E107: The Twitter Files Parts 1-2: shadow banning, story suppression, interference & more",https://i.ytimg.com/vi/o6HBFo7ft9k/hqdefault.jpg?sqp=-oaymwEcCNACELwBSFTyq4qpAw4IARUAAIhCGAFwAcABBg==&rs=AOn4CLDwsa1t8_j3A27jZ0tk99mWBVPBIQ
15,"E106: SBF's media strategy, FTX culpability, ChatGPT, SaaS slowdown & more",106.0,https://www.youtube.com/watch?v=4qOEg4LbdTU&list=UUESLZhusAkFfsNsApnjF_Cg&index=16,"E106: SBF's media strategy, FTX culpability, ChatGPT, SaaS slowdown & more",https://i.ytimg.com/vi/4qOEg4LbdTU/hqdefault.jpg?sqp=-oaymwEcCNACELwBSFTyq4qpAw4IARUAAIhCGAFwAcABBg==&rs=AOn4CLAUyDIjIurXEcbLTC72ELvvXP0WWQ
16,"E105: Tech culture wars: Elon vs. SBF, Sabotaging Republicans with Trump",105.0,https://www.youtube.com/watch?v=KX7tj3giizI&list=UUESLZhusAkFfsNsApnjF_Cg&index=17,"E105: Tech culture wars: Elon vs. SBF, Sabotaging Republicans with Trump",https://i.ytimg.com/vi/KX7tj3giizI/hqdefault.jpg?sqp=-oaymwEcCNACELwBSFTyq4qpAw4IARUAAIhCGAFwAcABBg==&rs=AOn4CLDm2fnj5kRCbTfwC5sqyfM01t1aew
17,"E104: FTX collapse with Coinbase CEO Brian Armstrong + election results, macro update & more",104.0,https://www.youtube.com/watch?v=Id7cNqwqt1I&list=UUESLZhusAkFfsNsApnjF_Cg&index=18,"E104: FTX collapse with Coinbase CEO Brian Armstrong + election results, macro update & more",https://i.ytimg.com/vi/Id7cNqwqt1I/hqdefault.jpg?sqp=-oaymwEcCNACELwBSFTyq4qpAw4IARUAAIhCGAFwAcABBg==&rs=AOn4CLC7m8ySWz4JBaxgMfYn7SO5V_ddzA
18,"E103: Tech layoffs surge, big tech freezes hiring, optimizing for profits, election preview & more",103.0,https://www.youtube.com/watch?v=Ma6XineLufc&list=UUESLZhusAkFfsNsApnjF_Cg&index=19,"E103: Tech layoffs surge, big tech freezes hiring, optimizing for profits, election preview & more",https://i.ytimg.com/vi/Ma6XineLufc/hqdefault.jpg?sqp=-oaymwEcCNACELwBSFTyq4qpAw4IARUAAIhCGAFwAcABBg==&rs=AOn4CLAUfn2LniMWm6NPsO8GON7wWu7Ffg
19,"E102: Elon closes Twitter deal, $META uncertainty, Zuck's historic bet, big tech decline & more",102.0,https://www.youtube.com/watch?v=A-bIpJdaCnM&list=UUESLZhusAkFfsNsApnjF_Cg&index=20,"E102: Elon closes Twitter deal, $META uncertainty, Zuck's historic bet, big tech decline & more",https://i.ytimg.com/vi/A-bIpJdaCnM/hqdefault.jpg?sqp=-oaymwEcCNACELwBSFTyq4qpAw4IARUAAIhCGAFwAcABBg==&rs=AOn4CLC3l2Ixjqh24Btb9XsFA1-l1AKhLA
20,"E101: Ye acquires Parler, Snap drops 30%, macro outlook, VC metrics, valuing stocks & more",101.0,https://www.youtube.com/watch?v=M5IzFvBQ-Zo&list=UUESLZhusAkFfsNsApnjF_Cg&index=21,"E101: Ye acquires Parler, Snap drops 30%, macro outlook, VC metrics, valuing stocks & more",https://i.ytimg.com/vi/M5IzFvBQ-Zo/hqdefault.jpg?sqp=-oaymwEcCNACELwBSFTyq4qpAw4IARUAAIhCGAFwAcABBg==&rs=AOn4CLDsdSaaDmc-vjft5FPYenllqwIfWg
21,"E100: Reflecting on the first 100 shows, fan questions, nuclear threat, markets, Amazon & more",100.0,https://www.youtube.com/watch?v=ftNCKO_crGE&list=UUESLZhusAkFfsNsApnjF_Cg&index=22,"E100: Reflecting on the first 100 shows, fan questions, nuclear threat, markets, Amazon & more",https://i.ytimg.com/vi/ftNCKO_crGE/hqdefault.jpg?sqp=-oaymwEcCNACELwBSFTyq4qpAw4IARUAAIhCGAFwAcABBg==&rs=AOn4CLAjMAz0ttkD-wravRIPznS08sFWsQ
22,"E99: Cheating scandals, Twitter updates, rapid AI advancements, Biden's pardon, Section 230 & more",99.0,https://www.youtube.com/watch?v=0JTcxIVlQfU&list=UUESLZhusAkFfsNsApnjF_Cg&index=23,"E99: Cheating scandals, Twitter updates, rapid AI advancements, Biden's pardon, Section 230 & more",https://i.ytimg.com/vi/0JTcxIVlQfU/hqdefault.jpg?sqp=-oaymwEcCNACELwBSFTyq4qpAw4IARUAAIhCGAFwAcABBg==&rs=AOn4CLBXiShzv3Q9pYBSecdqY-DpWiYcfg
23,"E98: Big tech starts making cuts, Fed incompetency, global debt, Russia/Ukraine & more",98.0,https://www.youtube.com/watch?v=fU6QlvruLTw&list=UUESLZhusAkFfsNsApnjF_Cg&index=24,"E98: Big tech starts making cuts, Fed incompetency, global debt, Russia/Ukraine & more",https://i.ytimg.com/vi/fU6QlvruLTw/hqdefault.jpg?sqp=-oaymwEcCNACELwBSFTyq4qpAw4IARUAAIhCGAFwAcABBg==&rs=AOn4CLCMMWgR8FI4iE0ADIgyRsgqjGInVg
24,"E97: SPAC updates, public/private market overview, Putin's end game & more",97.0,https://www.youtube.com/watch?v=bcGwHworAo0&list=UUESLZhusAkFfsNsApnjF_Cg&index=25,"E97: SPAC updates, public/private market overview, Putin's end game & more",https://i.ytimg.com/vi/bcGwHworAo0/hqdefault.jpg?sqp=-oaymwEcCNACELwBSFTyq4qpAw4IARUAAIhCGAFwAcABBg==&rs=AOn4CLCAej3qoNEQOUK7D8RLxGPxg39WIQ
25,"E96: Adobe acquires Figma for $20B, TPB SPAC, FedEx CEO's recession warning, macro picture & more",96.0,https://www.youtube.com/watch?v=_UpczzfeAFA&list=UUESLZhusAkFfsNsApnjF_Cg&index=26,"E96: Adobe acquires Figma for $20B, TPB SPAC, FedEx CEO's recession warning, macro picture & more",https://i.ytimg.com/vi/_UpczzfeAFA/hqdefault.jpg?sqp=-oaymwEcCNACELwBSFTyq4qpAw4IARUAAIhCGAFwAcABBg==&rs=AOn4CLAXj_F7GZdtrXwr7dY_3oZKlR-Y9g
26,"E95: Winter is Coming, Europe's energy crisis, Kim Kardashian's new PE firm & more",95.0,https://www.youtube.com/watch?v=s0tfoW1N3VM&list=UUESLZhusAkFfsNsApnjF_Cg&index=27,"E95: Winter is Coming, Europe's energy crisis, Kim Kardashian's new PE firm & more",https://i.ytimg.com/vi/s0tfoW1N3VM/hqdefault.jpg?sqp=-oaymwEcCNACELwBSFTyq4qpAw4IARUAAIhCGAFwAcABBg==&rs=AOn4CLAMQhSHZRKtyUr8jU-NNUrfW0jnXQ
27,"E94: NFT volume plummets, California's overreach, FBI meddling, climate change & national security",94.0,https://www.youtube.com/watch?v=Wc-Leuq0G7o&list=UUESLZhusAkFfsNsApnjF_Cg&index=28,"E94: NFT volume plummets, California's overreach, FBI meddling, climate change & national security",https://i.ytimg.com/vi/Wc-Leuq0G7o/hqdefault.jpg?sqp=-oaymwEcCNACELwBSFTyq4qpAw4IARUAAIhCGAFwAcABBg==&rs=AOn4CLBQM5Nd7ZcKvutk_sVRlJRYMzWGBg
28,"E93: Twitter whistleblower, cloud security vulnerabilities, student debt forgiveness & more",93.0,https://www.youtube.com/watch?v=YRU4eNtL4g4&list=UUESLZhusAkFfsNsApnjF_Cg&index=29,"E93: Twitter whistleblower, cloud security vulnerabilities, student debt forgiveness & more",https://i.ytimg.com/vi/YRU4eNtL4g4/hqdefault.jpg?sqp=-oaymwEcCNACELwBSFTyq4qpAw4IARUAAIhCGAFwAcABBg==&rs=AOn4CLBFQuI65yQGo6yNsOVaNezklRM1EA
29,"E92: Adam Neumann's second act, a16z's $350M bet, housing policy, Inflation Reduction Act & more",92.0,https://www.youtube.com/watch?v=nId3Jy5bjrY&list=UUESLZhusAkFfsNsApnjF_Cg&index=30,"E92: Adam Neumann's second act, a16z's $350M bet, housing policy, Inflation Reduction Act & more",https://i.ytimg.com/vi/nId3Jy5bjrY/hqdefault.jpg?sqp=-oaymwEcCNACELwBSFTyq4qpAw4IARUAAIhCGAFwAcABBg==&rs=AOn4CLAmtOLNZIBv24x2V71Uv1rJRWoTCQ
30,"E91: SoftBank's $21B+ Vision Fund loss, signals of a bubble, macro picture, Trump raided by FBI",91.0,https://www.youtube.com/watch?v=TlWgTNGkNe0&list=UUESLZhusAkFfsNsApnjF_Cg&index=31,"E91: SoftBank's $21B+ Vision Fund loss, signals of a bubble, macro picture, Trump raided by FBI",https://i.ytimg.com/vi/TlWgTNGkNe0/hqdefault.jpg?sqp=-oaymwEcCNACELwBSFTyq4qpAw4IARUAAIhCGAFwAcABBg==&rs=AOn4CLC_h15Z-eDUTv6JA_D7ul_xd5Y0Tw
31,"E90: Twitter subpoenas, market overview, Pelosi's Taiwan visit & more",90.0,https://www.youtube.com/watch?v=jlK5tsUuEP0&list=UUESLZhusAkFfsNsApnjF_Cg&index=32,"E90: Twitter subpoenas, market overview, Pelosi's Taiwan visit & more",https://i.ytimg.com/vi/jlK5tsUuEP0/hqdefault.jpg?sqp=-oaymwEcCNACELwBSFTyq4qpAw4IARUAAIhCGAFwAcABBg==&rs=AOn4CLC-v_YlWrM2ligzigmaXur8lCe_Gw
32,"E89: GDP growth negative in Q2, $SHOP layoffs, Alzheimer's fraud, Ginkgo acquires Zymergen & more",89.0,https://www.youtube.com/watch?v=mxQMdk6jCKU&list=UUESLZhusAkFfsNsApnjF_Cg&index=33,"E89: GDP growth negative in Q2, $SHOP layoffs, Alzheimer's fraud, Ginkgo acquires Zymergen & more",https://i.ytimg.com/vi/mxQMdk6jCKU/hqdefault.jpg?sqp=-oaymwEcCNACELwBSFTyq4qpAw4IARUAAIhCGAFwAcABBg==&rs=AOn4CLBry1bUaVamNPqVKAK3hsM1mU92Dw
33,"E88: First principle politics, China chaos & outlook, state of private/public markets & more",88.0,https://www.youtube.com/watch?v=8Egym4qjvEw&list=UUESLZhusAkFfsNsApnjF_Cg&index=34,"E88: First principle politics, China chaos & outlook, state of private/public markets & more",https://i.ytimg.com/vi/8Egym4qjvEw/hqdefault.jpg?sqp=-oaymwEcCNACELwBSFTyq4qpAw4IARUAAIhCGAFwAcABBg==&rs=AOn4CLCKVGJNhMY-4IbzK5Gd4dTufi6ZUw
34,"E87: Emerging markets, Sri Lanka, 9.1% CPI, market sentiment, NASA's Webb telescope & more",87.0,https://www.youtube.com/watch?v=TsGdPCtquGg&list=UUESLZhusAkFfsNsApnjF_Cg&index=35,"E87: Emerging markets, Sri Lanka, 9.1% CPI, market sentiment, NASA's Webb telescope & more",https://i.ytimg.com/vi/TsGdPCtquGg/hqdefault.jpg?sqp=-oaymwEcCNACELwBSFTyq4qpAw4IARUAAIhCGAFwAcABBg==&rs=AOn4CLDYBmsrLlKKlyjisOI5Dsb7MyIILQ
35,"E86: Macro outlook: jobs, housing, inflation + Dutch farmers protests & EU climate missteps",86.0,https://www.youtube.com/watch?v=c8-rydueTzg&list=UUESLZhusAkFfsNsApnjF_Cg&index=36,"E86: Macro outlook: jobs, housing, inflation + Dutch farmers protests & EU climate missteps",https://i.ytimg.com/vi/c8-rydueTzg/hqdefault.jpg?sqp=-oaymwEcCNACELwBSFTyq4qpAw4IARUAAIhCGAFwAcABBg==&rs=AOn4CLAIYslKTXOCGdZdUYbOAXhOQTke_g
36,"E85: SBF's crypto bailout, Zendesk sells for ~$10B, buyout targets, US diplomacy, AlphaFold & more",85.0,https://www.youtube.com/watch?v=8lrOjNsPzww&list=UUESLZhusAkFfsNsApnjF_Cg&index=37,"E85: SBF's crypto bailout, Zendesk sells for ~$10B, buyout targets, US diplomacy, AlphaFold & more",https://i.ytimg.com/vi/8lrOjNsPzww/hqdefault.jpg?sqp=-oaymwEcCNACELwBSFTyq4qpAw4IARUAAIhCGAFwAcABBg==&rs=AOn4CLAB3QqhdJPi4B7bzWPe5A7-56vT3w
37,"E84: Markets update, crypto collapse, Russia/Ukraine endgame, state of the podcast",84.0,https://www.youtube.com/watch?v=Bh6-PXMdmPk&list=UUESLZhusAkFfsNsApnjF_Cg&index=38,"E84: Markets update, crypto collapse, Russia/Ukraine endgame, state of the podcast",https://i.ytimg.com/vi/Bh6-PXMdmPk/hqdefault.jpg?sqp=-oaymwEcCNACELwBSFTyq4qpAw4IARUAAIhCGAFwAcABBg==&rs=AOn4CLD-GEmTW2Kt7tmAFIBPAcYqXkxjXQ
38,"E83: Market slide continues, and how to address Uvalde",83.0,https://www.youtube.com/watch?v=8DQ87UHAGTk&list=UUESLZhusAkFfsNsApnjF_Cg&index=49,"E83: Market slide continues, and how to address Uvalde",https://i.ytimg.com/vi/8DQ87UHAGTk/hqdefault.jpg?sqp=-oaymwEcCNACELwBSFTyq4qpAw4IARUAAIhCGAFwAcABBg==&rs=AOn4CLBALrlv0iBX03dRw1XO-Y4uFxassw
39,E82: All-In Summit: Claire Cormier Thielke on China + Q&A with Flexport's Ryan Petersen,82.0,https://www.youtube.com/watch?v=dTF-KtYWl5Q&list=UUESLZhusAkFfsNsApnjF_Cg&index=52,E82: All-In Summit: Claire Cormier Thielke on China + Q&A with Flexport's Ryan Petersen,https://i.ytimg.com/vi/dTF-KtYWl5Q/hqdefault.jpg?sqp=-oaymwEcCNACELwBSFTyq4qpAw4IARUAAIhCGAFwAcABBg==&rs=AOn4CLC1iEr4Fdc1NCF4sTRMJWQ0NqLwyw
40,"E81: All-In Summit: Bill Gurley & Brad Gerstner on markets, downturns & investment cycles",81.0,https://www.youtube.com/watch?v=lcyec3pvAEY&list=UUESLZhusAkFfsNsApnjF_Cg&index=53,"E81: All-In Summit: Bill Gurley & Brad Gerstner on markets, downturns & investment cycles",https://i.ytimg.com/vi/lcyec3pvAEY/hqdefault.jpg?sqp=-oaymwEcCNACELwBSFTyq4qpAw4IARUAAIhCGAFwAcABBg==&rs=AOn4CLC32hnZiA9CBlvu4eEQ1M6qIN_agQ
41,"E69: Elon Musk on Twitter's bot problem, SpaceX's grand plan, Tesla stories, Giga Texas & more",69.0,https://www.youtube.com/watch?v=CnxzrX9tNoc&list=UUESLZhusAkFfsNsApnjF_Cg&index=54,"E69: Elon Musk on Twitter's bot problem, SpaceX's grand plan, Tesla stories, Giga Texas & more",https://i.ytimg.com/vi/CnxzrX9tNoc/hqdefault.jpg?sqp=-oaymwEcCNACELwBSFTyq4qpAw4IARUAAIhCGAFwAcABBg==&rs=AOn4CLBZL9Io0pHKIoYADMa6mVrP4Rec9g
42,"E80: Recession deep dive: VC psychology, macro risks, Tiger Global, predictions and more",80.0,https://www.youtube.com/watch?v=ezOIBfZcwbQ&list=UUESLZhusAkFfsNsApnjF_Cg&index=55,"E80: Recession deep dive: VC psychology, macro risks, Tiger Global, predictions and more",https://i.ytimg.com/vi/ezOIBfZcwbQ/hqdefault.jpg?sqp=-oaymwEcCNACELwBSFTyq4qpAw4IARUAAIhCGAFwAcABBg==&rs=AOn4CLBExd6qDtyJkDNfVNHkmcgxtBBYMw
43,E79: Analyzing the leaked draft overturning Roe v. Wade with Amy Howe and Tom Goldstein,79.0,https://www.youtube.com/watch?v=qH696z3ml1Q&list=UUESLZhusAkFfsNsApnjF_Cg&index=56,E79: Analyzing the leaked draft overturning Roe v. Wade with Amy Howe and Tom Goldstein,https://i.ytimg.com/vi/qH696z3ml1Q/hqdefault.jpg?sqp=-oaymwEcCNACELwBSFTyq4qpAw4IARUAAIhCGAFwAcABBg==&rs=AOn4CLCDBZVEEOI5iD4N6dix--9Q6OfDvw
44,"E78: VC fund metrics that matter, private market update, recession, student loans, Bill Hwang arrest",78.0,https://www.youtube.com/watch?v=7gS9UVSve0s&list=UUESLZhusAkFfsNsApnjF_Cg&index=57,"E78: VC fund metrics that matter, private market update, recession, student loans, Bill Hwang arrest",https://i.ytimg.com/vi/7gS9UVSve0s/hqdefault.jpg?sqp=-oaymwEcCNACELwBSFTyq4qpAw4IARUAAIhCGAFwAcABBg==&rs=AOn4CLCtnb1BUMCJGny5xnSEcx8jeG2V8g
45,"E77: Tech work culture, crypto regulation, stablecoins, $NFLX & more w/ Coinbase CEO Brian Armstrong",77.0,https://www.youtube.com/watch?v=kagVCXIPIlQ&list=UUESLZhusAkFfsNsApnjF_Cg&index=58,"E77: Tech work culture, crypto regulation, stablecoins, $NFLX & more w/ Coinbase CEO Brian Armstrong",https://i.ytimg.com/vi/kagVCXIPIlQ/hqdefault.jpg?sqp=-oaymwEcCNACELwBSFTyq4qpAw4IARUAAIhCGAFwAcABBg==&rs=AOn4CLBXkxwwqQaZ7HsIzqkH9MllbhtZdA
46,"E76.5: Food shortage, China's grand plan, inflation, French election plus an All-In Summit preview",1.0,https://www.youtube.com/watch?v=AEvMI6R6Er0&list=UUESLZhusAkFfsNsApnjF_Cg&index=59,"E76.5: Food shortage, China's grand plan, inflation, French election plus an All-In Summit preview",https://i.ytimg.com/vi/AEvMI6R6Er0/hqdefault.jpg?sqp=-oaymwEcCNACELwBSFTyq4qpAw4IARUAAIhCGAFwAcABBg==&rs=AOn4CLDUjDu1ntY6ZkGCFReMMwg5HuOyaQ
47,E76: Elon vs. Twitter,76.0,https://www.youtube.com/watch?v=9Suaj_0wKV0&list=UUESLZhusAkFfsNsApnjF_Cg&index=60,E76: Elon vs. Twitter,https://i.ytimg.com/vi/9Suaj_0wKV0/hqdefault.jpg?sqp=-oaymwEcCNACELwBSFTyq4qpAw4IARUAAIhCGAFwAcABBg==&rs=AOn4CLBxENRJnTRvBrrpoTvXSOlBRyOV3g
48,"E75: Fast shuts down, board culpability, Elon buys 9% of Twitter, deplatforming's evolution & more",75.0,https://www.youtube.com/watch?v=th7SiVmxU2s&list=UUESLZhusAkFfsNsApnjF_Cg&index=61,"E75: Fast shuts down, board culpability, Elon buys 9% of Twitter, deplatforming's evolution & more",https://i.ytimg.com/vi/th7SiVmxU2s/hqdefault.jpg?sqp=-oaymwEcCNACELwBSFTyq4qpAw4IARUAAIhCGAFwAcABBg==&rs=AOn4CLD44MNq9d3_C8GHGvOzGUG4ZSk6yg
49,"E74: Market update, inverted yield curve, immigration, new SPAC rules, $FB smears TikTok and more",74.0,https://www.youtube.com/watch?v=nZOeRDO1Z8s&list=UUESLZhusAkFfsNsApnjF_Cg&index=62,"E74: Market update, inverted yield curve, immigration, new SPAC rules, $FB smears TikTok and more",https://i.ytimg.com/vi/nZOeRDO1Z8s/hqdefault.jpg?sqp=-oaymwEcCNACELwBSFTyq4qpAw4IARUAAIhCGAFwAcABBg==&rs=AOn4CLBmRbJo9BhJMSwn8Dz0WrMGtVnAuA
50,"E73: Late-stage VC markdowns and mistakes, market strategy, Ukraine/Russia update with Brad Gerstner",73.0,https://www.youtube.com/watch?v=LNTXao9AZB4&list=UUESLZhusAkFfsNsApnjF_Cg&index=63,"E73: Late-stage VC markdowns and mistakes, market strategy, Ukraine/Russia update with Brad Gerstner",https://i.ytimg.com/vi/LNTXao9AZB4/hqdefault.jpg?sqp=-oaymwEcCNACELwBSFTyq4qpAw4IARUAAIhCGAFwAcABBg==&rs=AOn4CLCtILjzL7RjHsZy6rbtpkoRIIPpgw
51,"E72: Impact of sanctions, deglobalization, food shortage risks, macroeconomic outlook and more",72.0,https://www.youtube.com/watch?v=_U3pVW4u_vw&list=UUESLZhusAkFfsNsApnjF_Cg&index=64,"E72: Impact of sanctions, deglobalization, food shortage risks, macroeconomic outlook and more",https://i.ytimg.com/vi/_U3pVW4u_vw/hqdefault.jpg?sqp=-oaymwEcCNACELwBSFTyq4qpAw4IARUAAIhCGAFwAcABBg==&rs=AOn4CLCtGUnx9HXugVJ2GHW-tGrXmmreQA
52,"E71: Russia/Ukraine deep dive: escalation, risk factors, financial fallout, exit ramps and more",71.0,https://www.youtube.com/watch?v=vPMPdF5JW0o&list=UUESLZhusAkFfsNsApnjF_Cg&index=65,"E71: Russia/Ukraine deep dive: escalation, risk factors, financial fallout, exit ramps and more",https://i.ytimg.com/vi/vPMPdF5JW0o/hqdefault.jpg?sqp=-oaymwEcCNACELwBSFTyq4qpAw4IARUAAIhCGAFwAcABBg==&rs=AOn4CLCxD87NzIXekH6u2ntZSZlWnvvV3w
53,"E70: EMERGENCY POD! Russia invades Ukraine: Reactions, Putin's ambition, Biden's response and more",70.0,https://www.youtube.com/watch?v=a42_znM48aE&list=UUESLZhusAkFfsNsApnjF_Cg&index=66,"E70: EMERGENCY POD! Russia invades Ukraine: Reactions, Putin's ambition, Biden's response and more",https://i.ytimg.com/vi/a42_znM48aE/hqdefault.jpg?sqp=-oaymwEcCNACELwBSFTyq4qpAw4IARUAAIhCGAFwAcABBg==&rs=AOn4CLASW0S3RFyVJv3fCRilF3HBgBxo8g
54,"E68: Trudeau invokes emergency powers, Bitcoin vs. government, Tiger Global's new strategy and more",68.0,https://www.youtube.com/watch?v=b0hm1FzVako&list=UUESLZhusAkFfsNsApnjF_Cg&index=67,"E68: Trudeau invokes emergency powers, Bitcoin vs. government, Tiger Global's new strategy and more",https://i.ytimg.com/vi/b0hm1FzVako/hqdefault.jpg?sqp=-oaymwEcCNACELwBSFTyq4qpAw4IARUAAIhCGAFwAcABBg==&rs=AOn4CLBK2vvNEkaQkvBf-NQIZWBxdtIncA
55,"E67: Revisiting Rogan, Canadian truckers' protest, fusion breakthrough, $MSFT's savvy move & more",67.0,https://www.youtube.com/watch?v=K7Ny9Eml104&list=UUESLZhusAkFfsNsApnjF_Cg&index=68,"E67: Revisiting Rogan, Canadian truckers' protest, fusion breakthrough, $MSFT's savvy move & more",https://i.ytimg.com/vi/K7Ny9Eml104/hqdefault.jpg?sqp=-oaymwEcCNACELwBSFTyq4qpAw4IARUAAIhCGAFwAcABBg==&rs=AOn4CLC3zks53iD20SLiXpdTVg3-_DI1Qg
56,"E66: $FB's big drop, Rogan/Spotify mess, Xi/Putin meetup & supply chain issues with Ryan Petersen",66.0,https://www.youtube.com/watch?v=uSUM1mvw17w&list=UUESLZhusAkFfsNsApnjF_Cg&index=69,"E66: $FB's big drop, Rogan/Spotify mess, Xi/Putin meetup & supply chain issues with Ryan Petersen",https://i.ytimg.com/vi/uSUM1mvw17w/hqdefault.jpg?sqp=-oaymwEcCNACELwBSFTyq4qpAw4IARUAAIhCGAFwAcABBg==&rs=AOn4CLCRXvgqreckikEQTsADGXvLIlaXxg
57,"E65: VC markup dynamics, Russia/US tensions over Ukraine, Altos Labs raises $3B, Stripe mafia & more",65.0,https://www.youtube.com/watch?v=gQc5krOQUYE&list=UUESLZhusAkFfsNsApnjF_Cg&index=70,"E65: VC markup dynamics, Russia/US tensions over Ukraine, Altos Labs raises $3B, Stripe mafia & more",https://i.ytimg.com/vi/gQc5krOQUYE/hqdefault.jpg?sqp=-oaymwEcCNACELwBSFTyq4qpAw4IARUAAIhCGAFwAcABBg==&rs=AOn4CLCT0U2B-xV3A2er1ndug-ZHF7390g
58,"E64: Antitrust standards & enforcement, tech repricing, lab leak obfuscation, E63 reactions & more",64.0,https://www.youtube.com/watch?v=s9n9db373e8&list=UUESLZhusAkFfsNsApnjF_Cg&index=71,"E64: Antitrust standards & enforcement, tech repricing, lab leak obfuscation, E63 reactions & more",https://i.ytimg.com/vi/s9n9db373e8/hqdefault.jpg?sqp=-oaymwEcCNACELwBSFTyq4qpAw4IARUAAIhCGAFwAcABBg==&rs=AOn4CLD1PpDUqJ1NlKSajlrfY3B_bJMS8w
59,"E63: Insurrection indictments, human rights in the US and abroad, groundbreaking MS study and more",63.0,https://www.youtube.com/watch?v=qbeHyN15HQE&list=UUESLZhusAkFfsNsApnjF_Cg&index=72,"E63: Insurrection indictments, human rights in the US and abroad, groundbreaking MS study and more",https://i.ytimg.com/vi/qbeHyN15HQE/hqdefault.jpg?sqp=-oaymwEcCNACELwBSFTyq4qpAw4IARUAAIhCGAFwAcABBg==&rs=AOn4CLCeXZlNr4x4EtdeEXNLQnaxYP4HAQ
60,"E62: Elizabeth Holmes verdict, fraud origins & takeaways, navigating ""The Great Markdown"" & more",62.0,https://www.youtube.com/watch?v=JL8uXZDz_o0&list=UUESLZhusAkFfsNsApnjF_Cg&index=73,"E62: Elizabeth Holmes verdict, fraud origins & takeaways, navigating ""The Great Markdown"" & more",https://i.ytimg.com/vi/JL8uXZDz_o0/hqdefault.jpg?sqp=-oaymwEcCNACELwBSFTyq4qpAw4IARUAAIhCGAFwAcABBg==&rs=AOn4CLDFwRKljMAvqmbBKnb_L1dHEcefGw
61,"E61: 2022 Predictions! Business, politics, science, tech, crypto, & more",61.0,https://www.youtube.com/watch?v=PGan75USbqw&list=UUESLZhusAkFfsNsApnjF_Cg&index=74,"E61: 2022 Predictions! Business, politics, science, tech, crypto, & more",https://i.ytimg.com/vi/PGan75USbqw/hqdefault.jpg?sqp=-oaymwEcCNACELwBSFTyq4qpAw4IARUAAIhCGAFwAcABBg==&rs=AOn4CLA2o-hPfUG5txYL6cwMfLLDRmmcTw
62,E60: The 2021 Bestie Awards PLUS Jack Dorsey starts the Web3 Wars,60.0,https://www.youtube.com/watch?v=6CTgN3xBles&list=UUESLZhusAkFfsNsApnjF_Cg&index=75,E60: The 2021 Bestie Awards PLUS Jack Dorsey starts the Web3 Wars,https://i.ytimg.com/vi/6CTgN3xBles/hqdefault.jpg?sqp=-oaymwEcCNACELwBSFTyq4qpAw4IARUAAIhCGAFwAcABBg==&rs=AOn4CLADVB9aWzVTXHC8Lfa7_H7hH0p0jQ
63,"E59: Twitter's content warning algo, equity audits, politicians trading stocks, Fed's next move",59.0,https://www.youtube.com/watch?v=NgEvzcyXyyE&list=UUESLZhusAkFfsNsApnjF_Cg&index=76,"E59: Twitter's content warning algo, equity audits, politicians trading stocks, Fed's next move",https://i.ytimg.com/vi/NgEvzcyXyyE/hqdefault.jpg?sqp=-oaymwEcCNACELwBSFTyq4qpAw4IARUAAIhCGAFwAcABBg==&rs=AOn4CLBtXG3VLxKAT9LdX4xLfo5uaQnJOA
64,"E58: November's CPI, preparing for a downturn, macro outlook, Better.com's botched layoffs & more",58.0,https://www.youtube.com/watch?v=llJsxamu8f4&list=UUESLZhusAkFfsNsApnjF_Cg&index=77,"E58: November's CPI, preparing for a downturn, macro outlook, Better.com's botched layoffs & more",https://i.ytimg.com/vi/llJsxamu8f4/hqdefault.jpg?sqp=-oaymwEcCNACELwBSFTyq4qpAw4IARUAAIhCGAFwAcABBg==&rs=AOn4CLDbIZMsuc-VS1zGmK1yZtCay-f3AA
65,"E57: Understanding Omicron, tech stocks plummet, VC's great resignation, Jack Dorsey's departure",57.0,https://www.youtube.com/watch?v=efp-2AHox1U&list=UUESLZhusAkFfsNsApnjF_Cg&index=78,"E57: Understanding Omicron, tech stocks plummet, VC's great resignation, Jack Dorsey's departure",https://i.ytimg.com/vi/efp-2AHox1U/hqdefault.jpg?sqp=-oaymwEcCNACELwBSFTyq4qpAw4IARUAAIhCGAFwAcABBg==&rs=AOn4CLCUGBEIgjGqXy_fs6zPr6HiNf3FDw
66,"E56: Constitution DAO, Rittenhouse trial coverage, private sector efficiency vs the government",56.0,https://www.youtube.com/watch?v=aHScxoGggt4&list=UUESLZhusAkFfsNsApnjF_Cg&index=79,"E56: Constitution DAO, Rittenhouse trial coverage, private sector efficiency vs the government",https://i.ytimg.com/vi/aHScxoGggt4/hqdefault.jpg?sqp=-oaymwEcCNACELwBSFTyq4qpAw4IARUAAIhCGAFwAcABBg==&rs=AOn4CLCT2vH0TO9WsrxE19_PbiSvYlzJnw
67,"E55: Valuing crypto projects, Rivian worth $100B+, inflation: causes and corrections and more",55.0,https://www.youtube.com/watch?v=AODfsBMGzGQ&list=UUESLZhusAkFfsNsApnjF_Cg&index=80,"E55: Valuing crypto projects, Rivian worth $100B+, inflation: causes and corrections and more",https://i.ytimg.com/vi/AODfsBMGzGQ/hqdefault.jpg?sqp=-oaymwEcCNACELwBSFTyq4qpAw4IARUAAIhCGAFwAcABBg==&rs=AOn4CLDpRLWzB7GaLn9VR2VvoO3TQE_r7A
68,"E54: Spread trading big tech, capital allocation, Zillow's misfire, Progressives suffer losses",54.0,https://www.youtube.com/watch?v=ejW4f6liOS8&list=UUESLZhusAkFfsNsApnjF_Cg&index=81,"E54: Spread trading big tech, capital allocation, Zillow's misfire, Progressives suffer losses",https://i.ytimg.com/vi/ejW4f6liOS8/hqdefault.jpg?sqp=-oaymwEcCNACELwBSFTyq4qpAw4IARUAAIhCGAFwAcABBg==&rs=AOn4CLA2bxH34-LFqrRKHuQvWSURshlG6w
69,"E53: Wealth tax, inflation as a capital allocator, big tech earnings, paternity leave & more",53.0,https://www.youtube.com/watch?v=ctLbqX3R0kI&list=UUESLZhusAkFfsNsApnjF_Cg&index=82,"E53: Wealth tax, inflation as a capital allocator, big tech earnings, paternity leave & more",https://i.ytimg.com/vi/ctLbqX3R0kI/hqdefault.jpg?sqp=-oaymwEcCNACELwBSFTyq4qpAw4IARUAAIhCGAFwAcABBg==&rs=AOn4CLA5hmCLkFbEi1oa2rW6QehjqPFYdg
70,"E52: Trump's SPAC, peak venture liquidity, tech as an economic ladder, Dems overplaying their hand",52.0,https://www.youtube.com/watch?v=cGenTdTrYEo&list=UUESLZhusAkFfsNsApnjF_Cg&index=83,"E52: Trump's SPAC, peak venture liquidity, tech as an economic ladder, Dems overplaying their hand",https://i.ytimg.com/vi/cGenTdTrYEo/hqdefault.jpg?sqp=-oaymwEcCNACELwBSFTyq4qpAw4IARUAAIhCGAFwAcABBg==&rs=AOn4CLC5gJGuMCpXxJGUwQab5SJm1QZLIg
71,"E51: Supply Chain Shortages, Inflation, DeSantis, Ted Sarandos Netflix Memo, Cancel Culture, Fan Q&A",51.0,https://www.youtube.com/watch?v=8b0rCYoD_2E&list=UUESLZhusAkFfsNsApnjF_Cg&index=84,"E51: Supply Chain Shortages, Inflation, DeSantis, Ted Sarandos Netflix Memo, Cancel Culture, Fan Q&A",https://i.ytimg.com/vi/8b0rCYoD_2E/hqdefault.jpg?sqp=-oaymwEcCNACELwBSFTyq4qpAw4IARUAAIhCGAFwAcABBg==&rs=AOn4CLBoS1O4F4zwq47tJ3Ur460ZA388cw
72,"E50: Crypto investing deep dive, Facebook's whistleblower fallout, Chappelle's new special & more",50.0,https://www.youtube.com/watch?v=lPBWhLr6Rro&list=UUESLZhusAkFfsNsApnjF_Cg&index=85,"E50: Crypto investing deep dive, Facebook's whistleblower fallout, Chappelle's new special & more",https://i.ytimg.com/vi/lPBWhLr6Rro/hqdefault.jpg?sqp=-oaymwEcCNACELwBSFTyq4qpAw4IARUAAIhCGAFwAcABBg==&rs=AOn4CLBHkvsL_3OI_cPqYSpyJX8mxSL0GA
73,"E49: Coinbase CEO reflects on controversial blog, state of the markets, 1000 unicorns & more",49.0,https://www.youtube.com/watch?v=wf6qfxJZpno&list=UUESLZhusAkFfsNsApnjF_Cg&index=86,"E49: Coinbase CEO reflects on controversial blog, state of the markets, 1000 unicorns & more",https://i.ytimg.com/vi/wf6qfxJZpno/hqdefault.jpg?sqp=-oaymwEcCNACELwBSFTyq4qpAw4IARUAAIhCGAFwAcABBg==&rs=AOn4CLBoM0I_9BXyG4msQcTVSMZrPzLdmw
74,"E48: The role of decentralization, China/US break down & more with Bestie Guestie Balaji Srinivasan",48.0,https://www.youtube.com/watch?v=B2iNXMiGEms&list=UUESLZhusAkFfsNsApnjF_Cg&index=87,"E48: The role of decentralization, China/US break down & more with Bestie Guestie Balaji Srinivasan",https://i.ytimg.com/vi/B2iNXMiGEms/hqdefault.jpg?sqp=-oaymwEcCNACELwBSFTyq4qpAw4IARUAAIhCGAFwAcABBg==&rs=AOn4CLCuCCTZnwMTAHONYsBYgzGiXZNEGw
75,"E47: Facebook's week from hell, Ellen Pao on sexism in Elizabeth Holmes coverage, Newsom wins & more",47.0,https://www.youtube.com/watch?v=R76THi_c90o&list=UUESLZhusAkFfsNsApnjF_Cg&index=88,"E47: Facebook's week from hell, Ellen Pao on sexism in Elizabeth Holmes coverage, Newsom wins & more",https://i.ytimg.com/vi/R76THi_c90o/hqdefault.jpg?sqp=-oaymwEcCNACELwBSFTyq4qpAw4IARUAAIhCGAFwAcABBg==&rs=AOn4CLAc-9l4v9p-2iETtBrLpUPyNivjIA
76,"E46: False Ivermectin narratives, regulatory grift, wartime mentality in solving issues & more",46.0,https://www.youtube.com/watch?v=2RWuwOnX4Pg&list=UUESLZhusAkFfsNsApnjF_Cg&index=89,"E46: False Ivermectin narratives, regulatory grift, wartime mentality in solving issues & more",https://i.ytimg.com/vi/2RWuwOnX4Pg/hqdefault.jpg?sqp=-oaymwEcCNACELwBSFTyq4qpAw4IARUAAIhCGAFwAcABBg==&rs=AOn4CLCUbf8fNfJy-Mpf3ix-fLW-FGJTzw
77,"E45: Theranos & VC fraud risks, China bans video games, Texas SB8, Apple app store, CA fires, Rogan",45.0,https://www.youtube.com/watch?v=LNLcL5E95bs&list=UUESLZhusAkFfsNsApnjF_Cg&index=90,"E45: Theranos & VC fraud risks, China bans video games, Texas SB8, Apple app store, CA fires, Rogan",https://i.ytimg.com/vi/LNLcL5E95bs/hqdefault.jpg?sqp=-oaymwEcCNACELwBSFTyq4qpAw4IARUAAIhCGAFwAcABBg==&rs=AOn4CLAa_hP2YZBR5Jxp9EuFI0PuuyEhPg
78,"E44: USA's Afghanistan embarrassment, China's new algo laws, future of robots + Italy recap!",44.0,https://www.youtube.com/watch?v=-Cyu00cyw60&list=UUESLZhusAkFfsNsApnjF_Cg&index=91,"E44: USA's Afghanistan embarrassment, China's new algo laws, future of robots + Italy recap!",https://i.ytimg.com/vi/-Cyu00cyw60/hqdefault.jpg?sqp=-oaymwEcCNACELwBSFTyq4qpAw4IARUAAIhCGAFwAcABBg==&rs=AOn4CLAxh11AruNuL5PO1clgXM93CeWhww
79,"E43: Innovative venture strategies, Zymergen's implosion, Square acquires Afterpay & more",43.0,https://www.youtube.com/watch?v=zpgugh3r9s8&list=UUESLZhusAkFfsNsApnjF_Cg&index=92,"E43: Innovative venture strategies, Zymergen's implosion, Square acquires Afterpay & more",https://i.ytimg.com/vi/zpgugh3r9s8/hqdefault.jpg?sqp=-oaymwEcCNACELwBSFTyq4qpAw4IARUAAIhCGAFwAcABBg==&rs=AOn4CLC9eGyos5BmkGncZdS7s_apcfGqQg
80,"E42: China's tech crackdown, CRISPR breakthrough, practical climate change solutions & more",42.0,https://www.youtube.com/watch?v=fwloQFAwhPk&list=UUESLZhusAkFfsNsApnjF_Cg&index=93,"E42: China's tech crackdown, CRISPR breakthrough, practical climate change solutions & more",https://i.ytimg.com/vi/fwloQFAwhPk/hqdefault.jpg?sqp=-oaymwEcCNACELwBSFTyq4qpAw4IARUAAIhCGAFwAcABBg==&rs=AOn4CLB3SHO3ikD1m4yM1anfAf-lfJidnw
81,"E41: Vaccine policy, Big Tech, DeepMind's latest breakthrough, wealth creation, opportunity & more",41.0,https://www.youtube.com/watch?v=FAtPReTswZo&list=UUESLZhusAkFfsNsApnjF_Cg&index=94,"E41: Vaccine policy, Big Tech, DeepMind's latest breakthrough, wealth creation, opportunity & more",https://i.ytimg.com/vi/FAtPReTswZo/hqdefault.jpg?sqp=-oaymwEcCNACELwBSFTyq4qpAw4IARUAAIhCGAFwAcABBg==&rs=AOn4CLANp7oqqfyYvxPVLdr01QPcHL4pYg
82,"E40: A Bestie gets COVID, Delta breakthrough, Billionaire Space Race & more",40.0,https://www.youtube.com/watch?v=pDI3IBMl4DY&list=UUESLZhusAkFfsNsApnjF_Cg&index=95,"E40: A Bestie gets COVID, Delta breakthrough, Billionaire Space Race & more",https://i.ytimg.com/vi/pDI3IBMl4DY/hqdefault.jpg?sqp=-oaymwEcCNACELwBSFTyq4qpAw4IARUAAIhCGAFwAcABBg==&rs=AOn4CLDPgoQqQu1bnu4ccE883ocznFUWeg
83,"E39: West coast super drought & climate crisis, Nuclear virtue signaling, chaos in SF & more",39.0,https://www.youtube.com/watch?v=FNhcA9MpPIU&list=UUESLZhusAkFfsNsApnjF_Cg&index=96,"E39: West coast super drought & climate crisis, Nuclear virtue signaling, chaos in SF & more",https://i.ytimg.com/vi/FNhcA9MpPIU/hqdefault.jpg?sqp=-oaymwEcCNACELwBSFTyq4qpAw4IARUAAIhCGAFwAcABBg==&rs=AOn4CLCke9eAIrHOEioEmi6sYjRKfBpgiQ
84,"E38: Bestie brawl, Robinhood's $70M fine & S-1, Delta variant, next gen candidates & more",38.0,https://www.youtube.com/watch?v=hNImocKCMvE&list=UUESLZhusAkFfsNsApnjF_Cg&index=97,"E38: Bestie brawl, Robinhood's $70M fine & S-1, Delta variant, next gen candidates & more",https://i.ytimg.com/vi/hNImocKCMvE/hqdefault.jpg?sqp=-oaymwEcCNACELwBSFTyq4qpAw4IARUAAIhCGAFwAcABBg==&rs=AOn4CLClo3vxJ5DuuHsViiXSqWAzcMfBIQ
85,"E37: NYC rejects far-left candidates, new developments in lab leak theory, App Store breakup & more",37.0,https://www.youtube.com/watch?v=0IxDrBUR_2g&list=UUESLZhusAkFfsNsApnjF_Cg&index=99,"E37: NYC rejects far-left candidates, new developments in lab leak theory, App Store breakup & more",https://i.ytimg.com/vi/0IxDrBUR_2g/hqdefault.jpg?sqp=-oaymwEcCNACELwBSFTyq4qpAw4IARUAAIhCGAFwAcABBg==&rs=AOn4CLBAVwaJLXBxWVhEWqn_baugEE-PDA
86,"E36: New FTC Chair, breaking up big tech, government silent spying, Jon Stewart, wildfires & more",36.0,https://www.youtube.com/watch?v=6uUkIUgX1NY&list=UUESLZhusAkFfsNsApnjF_Cg&index=100,"E36: New FTC Chair, breaking up big tech, government silent spying, Jon Stewart, wildfires & more",https://i.ytimg.com/vi/6uUkIUgX1NY/hqdefault.jpg?sqp=-oaymwEcCNACELwBSFTyq4qpAw4IARUAAIhCGAFwAcABBg==&rs=AOn4CLCP9AXwe-NqIlgT5_xSG8L8b3CfLA
87,"E35: Biogen's controversial Alzheimer's drug approval, the billionaire space race, Bitcoin & more",35.0,https://www.youtube.com/watch?v=eSB93bkB4NQ&list=UUESLZhusAkFfsNsApnjF_Cg&index=101,"E35: Biogen's controversial Alzheimer's drug approval, the billionaire space race, Bitcoin & more",https://i.ytimg.com/vi/eSB93bkB4NQ/hqdefault.jpg?sqp=-oaymwEcCNACELwBSFXyq4qpAw4IARUAAIhCGAFwAcABBg==&rs=AOn4CLD3ZQqZhjWT6OafeftkNMZTI6hXqQ
88,"E34: Wuhan lab leak theory, India's traceability law, Coinbase fact check, Big Tech takes Hollywood",34.0,https://www.youtube.com/watch?v=eoZG89pDzzY&list=UUESLZhusAkFfsNsApnjF_Cg&index=102,"E34: Wuhan lab leak theory, India's traceability law, Coinbase fact check, Big Tech takes Hollywood",https://i.ytimg.com/vi/eoZG89pDzzY/hqdefault.jpg?sqp=-oaymwEcCNACELwBSFXyq4qpAw4IARUAAIhCGAFwAcABBg==&rs=AOn4CLBINZvAej7ckwJkkt-Lu8VHv5pr8Q
89,"E33: Apple’s hypocrisy, America fails math, crypto’s regulatory correction, Clubhouse, UFOs & more",33.0,https://www.youtube.com/watch?v=eRZJ_ObyRE4&list=UUESLZhusAkFfsNsApnjF_Cg&index=103,"E33: Apple’s hypocrisy, America fails math, crypto’s regulatory correction, Clubhouse, UFOs & more",https://i.ytimg.com/vi/eRZJ_ObyRE4/hqdefault.jpg?sqp=-oaymwEcCNACELwBSFXyq4qpAw4IARUAAIhCGAFwAcABBg==&rs=AOn4CLD19a4bQCuDjNig-t_Z5Fv5hzfyrw
90,"E32: Behind the scenes of Elon hosting SNL, CDC failures, America's real-time UBI experiment & more",32.0,https://www.youtube.com/watch?v=GE0iWGNXKXw&list=UUESLZhusAkFfsNsApnjF_Cg&index=104,"E32: Behind the scenes of Elon hosting SNL, CDC failures, America's real-time UBI experiment & more",https://i.ytimg.com/vi/GE0iWGNXKXw/hqdefault.jpg?sqp=-oaymwEcCNACELwBSFXyq4qpAw4IARUAAIhCGAFwAcABBg==&rs=AOn4CLA-imQoeN_W-ygQ9pMKtm8XLljAww
91,"E31: Post-vaccination virtue signaling, pandemic lessons, immigration, Caitlyn Jenner for CA & more",31.0,https://www.youtube.com/watch?v=wLS3osXJY54&list=UUESLZhusAkFfsNsApnjF_Cg&index=105,"E31: Post-vaccination virtue signaling, pandemic lessons, immigration, Caitlyn Jenner for CA & more",https://i.ytimg.com/vi/wLS3osXJY54/hqdefault.jpg?sqp=-oaymwEcCNACELwBSFXyq4qpAw4IARUAAIhCGAFwAcABBg==&rs=AOn4CLDa5l9RuvP-AIiRqKTTiQ6EZC_1Ww
92,"E30: Ramifications of Biden's proposed capital gains tax hike, founder psychology & more",30.0,https://www.youtube.com/watch?v=nXBE1vWbGkk&list=UUESLZhusAkFfsNsApnjF_Cg&index=106,"E30: Ramifications of Biden's proposed capital gains tax hike, founder psychology & more",https://i.ytimg.com/vi/nXBE1vWbGkk/hqdefault.jpg?sqp=-oaymwEcCNACELwBSFXyq4qpAw4IARUAAIhCGAFwAcABBg==&rs=AOn4CLBaEd9UJd1LlH0-mUYYXLVlZk-pOg
93,"E29: Coinbase goes public, direct listings vs. IPOs, unions & more with Bestie Guestie Brad Gerstner",29.0,https://www.youtube.com/watch?v=jaU1P5-pzLU&list=UUESLZhusAkFfsNsApnjF_Cg&index=107,"E29: Coinbase goes public, direct listings vs. IPOs, unions & more with Bestie Guestie Brad Gerstner",https://i.ytimg.com/vi/jaU1P5-pzLU/hqdefault.jpg?sqp=-oaymwEcCNACELwBSFXyq4qpAw4IARUAAIhCGAFwAcABBg==&rs=AOn4CLDulQsu7I0Aiqdh4pvNntYfw2zrYw
94,"E28: Current state of public & private markets, Archegos debacle, US debt issues, wealth tax & more",28.0,https://www.youtube.com/watch?v=uPwvZZkrJ90&list=UUESLZhusAkFfsNsApnjF_Cg&index=108,"E28: Current state of public & private markets, Archegos debacle, US debt issues, wealth tax & more",https://i.ytimg.com/vi/uPwvZZkrJ90/hqdefault.jpg?sqp=-oaymwEcCNACELwBSFXyq4qpAw4IARUAAIhCGAFwAcABBg==&rs=AOn4CLBc_NoPVKmKXaND33am8UjEecbBnA
95,"E27: The Great Inflation Debate, Amazon gets spicy on Twitter, rethinking supply chains & more",27.0,https://www.youtube.com/watch?v=c6Rz8lzYPBQ&list=UUESLZhusAkFfsNsApnjF_Cg&index=109,"E27: The Great Inflation Debate, Amazon gets spicy on Twitter, rethinking supply chains & more",https://i.ytimg.com/vi/c6Rz8lzYPBQ/hqdefault.jpg?sqp=-oaymwEcCNACELwBSFXyq4qpAw4IARUAAIhCGAFwAcABBg==&rs=AOn4CLC3xMJO2lVT7Ki-NSTnDnmsi6nXvQ
96,"E26: State of Venture Capital, plus fan questions on longevity, decentralization & quantum computing",26.0,https://www.youtube.com/watch?v=hEVLyPwJAZQ&list=UUESLZhusAkFfsNsApnjF_Cg&index=110,"E26: State of Venture Capital, plus fan questions on longevity, decentralization & quantum computing",https://i.ytimg.com/vi/hEVLyPwJAZQ/hqdefault.jpg?sqp=-oaymwEcCNACELwBSFXyq4qpAw4IARUAAIhCGAFwAcABBg==&rs=AOn4CLBLo3OvfzXoSZfNgXU0SAoXRAbIEA
97,"E25: Biden's vaccine mandate, ""equity"" in distribution, NFT speculation, impact of inflation & more",25.0,https://www.youtube.com/watch?v=Vrx8d_TIrz0&list=UUESLZhusAkFfsNsApnjF_Cg&index=111,"E25: Biden's vaccine mandate, ""equity"" in distribution, NFT speculation, impact of inflation & more",https://i.ytimg.com/vi/Vrx8d_TIrz0/hqdefault.jpg?sqp=-oaymwEcCNACELwBSFXyq4qpAw4IARUAAIhCGAFwAcABBg==&rs=AOn4CLAQqleFcLnyfshRJvV_JD9ZNvp_TA
98,"E24: Markets trend down, political pandemic manipulation, stimulus breakdown, biological Patriot Act",24.0,https://www.youtube.com/watch?v=6ICMLjL7WLo&list=UUESLZhusAkFfsNsApnjF_Cg&index=112,"E24: Markets trend down, political pandemic manipulation, stimulus breakdown, biological Patriot Act",https://i.ytimg.com/vi/6ICMLjL7WLo/hqdefault.jpg?sqp=-oaymwEcCNACELwBSFXyq4qpAw4IARUAAIhCGAFwAcABBg==&rs=AOn4CLDpimehEU0ayDPQEQV7F--ffeTKNQ
99,"E23: Radical DAs, breaking down FB/Google vs. Australia, sustained fear post-vaccine & fan questions",23.0,https://www.youtube.com/watch?v=MvO9q0-SW3I&list=UUESLZhusAkFfsNsApnjF_Cg&index=113,"E23: Radical DAs, breaking down FB/Google vs. Australia, sustained fear post-vaccine & fan questions",https://i.ytimg.com/vi/MvO9q0-SW3I/hqdefault.jpg?sqp=-oaymwEcCNACELwBSFXyq4qpAw4IARUAAIhCGAFwAcABBg==&rs=AOn4CLByRCrbZw_1No4yGglNvnzwfAGaOQ
100,E22: Reflecting on the Robinhood situation with Bestie Guestie Vlad Tenev,22.0,https://www.youtube.com/watch?v=HopEdff0RCU&list=UUESLZhusAkFfsNsApnjF_Cg&index=114,E22: Reflecting on the Robinhood situation with Bestie Guestie Vlad Tenev,https://i.ytimg.com/vi/HopEdff0RCU/hqdefault.jpg?sqp=-oaymwEcCNACELwBSFXyq4qpAw4IARUAAIhCGAFwAcABBg==&rs=AOn4CLAW0jw8apQsgJ9PVpwA-zAKoAunfg
101,"E21: Media misalignment, subjects controlling narratives & more with bestie guestie Draymond Green",21.0,https://www.youtube.com/watch?v=32ZD39tiKgc&list=UUESLZhusAkFfsNsApnjF_Cg&index=115,"E21: Media misalignment, subjects controlling narratives & more with bestie guestie Draymond Green",https://i.ytimg.com/vi/32ZD39tiKgc/hqdefault.jpg?sqp=-oaymwEcCNACELwBSFXyq4qpAw4IARUAAIhCGAFwAcABBg==&rs=AOn4CLCfcEOeDKo43c9qBOJJPKuP5K6JfQ
102,"E20: Robinhood wrap up, Insiders vs. Outsiders, California's failing report card & how to fix it",20.0,https://www.youtube.com/watch?v=XHZl59B6Rc8&list=UUESLZhusAkFfsNsApnjF_Cg&index=117,"E20: Robinhood wrap up, Insiders vs. Outsiders, California's failing report card & how to fix it",https://i.ytimg.com/vi/XHZl59B6Rc8/hqdefault.jpg?sqp=-oaymwEcCNACELwBSFXyq4qpAw4IARUAAIhCGAFwAcABBg==&rs=AOn4CLDPe4a4eptAed0Pfjr7wkkPjlx-0w
103,E19: Robinhood's GameStop decision: Why did it happen and how can it be prevented in the future?,19.0,https://www.youtube.com/watch?v=rWEPSKkkdKQ&list=UUESLZhusAkFfsNsApnjF_Cg&index=122,E19: Robinhood's GameStop decision: Why did it happen and how can it be prevented in the future?,https://i.ytimg.com/vi/rWEPSKkkdKQ/hqdefault.jpg?sqp=-oaymwEcCNACELwBSFXyq4qpAw4IARUAAIhCGAFwAcABBg==&rs=AOn4CLDda0uReGcNZN4HUB_8W91WXg5i2Q
104,"E18: Inauguration talk, breaking down the $1.9T stimulus, the case for recalling Gavin Newsom & more",18.0,https://www.youtube.com/watch?v=3LrskYD_6Vk&list=UUESLZhusAkFfsNsApnjF_Cg&index=123,"E18: Inauguration talk, breaking down the $1.9T stimulus, the case for recalling Gavin Newsom & more",https://i.ytimg.com/vi/3LrskYD_6Vk/hqdefault.jpg?sqp=-oaymwEcCNACELwBSFXyq4qpAw4IARUAAIhCGAFwAcABBg==&rs=AOn4CLCZd4dOOnTw5wsq-paSXT1QbIqmHA
105,"E17: Big Tech bans Trump, ramifications for the First Amendment & the open Internet",17.0,https://www.youtube.com/watch?v=-3mIJvwcPrw&list=UUESLZhusAkFfsNsApnjF_Cg&index=125,"E17: Big Tech bans Trump, ramifications for the First Amendment & the open Internet",https://i.ytimg.com/vi/-3mIJvwcPrw/hqdefault.jpg?sqp=-oaymwEcCNACELwBSFXyq4qpAw4IARUAAIhCGAFwAcABBg==&rs=AOn4CLDaL39c20dOKqBY8NZP3EVpC5dwgQ
106,"E16: Reflecting on the riots at the US Capitol, plus: Georgia runoffs, vaccine distribution & more",16.0,https://www.youtube.com/watch?v=7JtAp_jr2dk&list=UUESLZhusAkFfsNsApnjF_Cg&index=127,"E16: Reflecting on the riots at the US Capitol, plus: Georgia runoffs, vaccine distribution & more",https://i.ytimg.com/vi/7JtAp_jr2dk/hqdefault.jpg?sqp=-oaymwEcCNACELwBSFXyq4qpAw4IARUAAIhCGAFwAcABBg==&rs=AOn4CLAUnqWbMZowNkF287Dz9JYxqXqLvQ
107,"E15: “The Besties” All-In’s inaugural award show covering the best, worst & most memorable of 2020",15.0,https://www.youtube.com/watch?v=_N8Cub88m2U&list=UUESLZhusAkFfsNsApnjF_Cg&index=128,"E15: “The Besties” All-In’s inaugural award show covering the best, worst & most memorable of 2020",https://i.ytimg.com/vi/_N8Cub88m2U/hqdefault.jpg?sqp=-oaymwEcCNACELwBSFXyq4qpAw4IARUAAIhCGAFwAcABBg==&rs=AOn4CLB7xvvUyTi0_TxUR8RmdZW-t8mCZw
108,"E14: Salesforce acquires Slack, DeepMind’s AlphaFold breakthrough, Trust Fund Socialists & more",14.0,https://www.youtube.com/watch?v=xPCA5fZ6cjY&list=UUESLZhusAkFfsNsApnjF_Cg&index=129,"E14: Salesforce acquires Slack, DeepMind’s AlphaFold breakthrough, Trust Fund Socialists & more",https://i.ytimg.com/vi/xPCA5fZ6cjY/hqdefault.jpg?sqp=-oaymwEcCNACELwBSFXyq4qpAw4IARUAAIhCGAFwAcABBg==&rs=AOn4CLC97sM2JN9H5wqu-DFHdIPrMAt4AA
109,"E13: SPACsgiving Special! Vaccine news, innovation vs regulation, fixing higher ed, challenge trials",13.0,https://www.youtube.com/watch?v=OELRmfqrr2k&list=UUESLZhusAkFfsNsApnjF_Cg&index=130,"E13: SPACsgiving Special! Vaccine news, innovation vs regulation, fixing higher ed, challenge trials",https://i.ytimg.com/vi/OELRmfqrr2k/hqdefault.jpg?sqp=-oaymwEcCNACELwBSFXyq4qpAw4IARUAAIhCGAFwAcABBg==&rs=AOn4CLDygoa1zxsO9oomGNn8Z9A7kYNY_w
110,"E12: Biden wins, Pfizer vaccine, markets rip, Trump's next act, COVID endgame scenarios & more",12.0,https://www.youtube.com/watch?v=4MV9-PH8y_E&list=UUESLZhusAkFfsNsApnjF_Cg&index=131,"E12: Biden wins, Pfizer vaccine, markets rip, Trump's next act, COVID endgame scenarios & more",https://i.ytimg.com/vi/4MV9-PH8y_E/hqdefault.jpg?sqp=-oaymwEcCNACELwBSFXyq4qpAw4IARUAAIhCGAFwAcABBg==&rs=AOn4CLCtGihQJzuBa1u6xCZXVw-3vi635Q
111,"E11: Election Night Special featuring Phil Hellmuth, Bill Gurley, Brad Gerstner & more!",11.0,https://www.youtube.com/watch?v=kA7MrXnMPpA&list=UUESLZhusAkFfsNsApnjF_Cg&index=132,"E11: Election Night Special featuring Phil Hellmuth, Bill Gurley, Brad Gerstner & more!",https://i.ytimg.com/vi/kA7MrXnMPpA/hqdefault.jpg?sqp=-oaymwEcCNACELwBSFXyq4qpAw4IARUAAIhCGAFwAcABBg==&rs=AOn4CLAFMtY-6P_dhu3J__v-H-3U6Ye_Yw
112,"E10: Twitter & Facebook botch censorship (again), the publisher vs. distributor debate & more",10.0,https://www.youtube.com/watch?v=Sx_b-MtCrDQ&list=UUESLZhusAkFfsNsApnjF_Cg&index=133,"E10: Twitter & Facebook botch censorship (again), the publisher vs. distributor debate & more",https://i.ytimg.com/vi/Sx_b-MtCrDQ/hqdefault.jpg?sqp=-oaymwEcCNACELwBSFXyq4qpAw4IARUAAIhCGAFwAcABBg==&rs=AOn4CLBLUhqwT4gql-6o9zkzxals-qkKzQ
113,"E9: Trump has COVID, First debate reactions, Coinbase letter response & more",9.0,https://www.youtube.com/watch?v=DprQR7jhd7A&list=UUESLZhusAkFfsNsApnjF_Cg&index=134,"E9: Trump has COVID, First debate reactions, Coinbase letter response & more",https://i.ytimg.com/vi/DprQR7jhd7A/hqdefault.jpg?sqp=-oaymwEcCNACELwBSFXyq4qpAw4IARUAAIhCGAFwAcABBg==&rs=AOn4CLCTYTJuAIk8GyGGj-05rdTv4hvPng
114,"E8: TikTok + Oracle, how privacy loss will impact society, economy & COVID outlooks for 2021",8.0,https://www.youtube.com/watch?v=Lz9milywszw&list=UUESLZhusAkFfsNsApnjF_Cg&index=136,"E8: TikTok + Oracle, how privacy loss will impact society, economy & COVID outlooks for 2021",https://i.ytimg.com/vi/Lz9milywszw/hqdefault.jpg?sqp=-oaymwEcCNACELwBSFXyq4qpAw4IARUAAIhCGAFwAcABBg==&rs=AOn4CLBqt6XzfDa3PUf8TpJmLhJic-MZKw
115,"E7: California's collapse, how SPACs are opening the markets for growth stocks & more",7.0,https://www.youtube.com/watch?v=0uf-F0ssFP0&list=UUESLZhusAkFfsNsApnjF_Cg&index=137,"E7: California's collapse, how SPACs are opening the markets for growth stocks & more",https://i.ytimg.com/vi/0uf-F0ssFP0/hqdefault.jpg?sqp=-oaymwEcCNACELwBSFXyq4qpAw4IARUAAIhCGAFwAcABBg==&rs=AOn4CLB9NxumiPbHetKLsUOSR9UeAkimgA
116,"E6: Big Tech antitrust aftermath, potential effects of an M&A clampdown on Silicon Valley & more",6.0,https://www.youtube.com/watch?v=-XgCOfvSKDQ&list=UUESLZhusAkFfsNsApnjF_Cg&index=138,"E6: Big Tech antitrust aftermath, potential effects of an M&A clampdown on Silicon Valley & more",https://i.ytimg.com/vi/-XgCOfvSKDQ/hqdefault.jpg?sqp=-oaymwEcCNACELwBSFXyq4qpAw4IARUAAIhCGAFwAcABBg==&rs=AOn4CLA4sIDkwyrgJ9dczfDbMrplzLnsBA
117,"E5: WHO's incompetence, kicking off Cold War II, China's grand plan, 100X'ing American efficiency",5.0,https://www.youtube.com/watch?v=fZodR6T8cU0&list=UUESLZhusAkFfsNsApnjF_Cg&index=139,"E5: WHO's incompetence, kicking off Cold War II, China's grand plan, 100X'ing American efficiency",https://i.ytimg.com/vi/fZodR6T8cU0/hqdefault.jpg?sqp=-oaymwEcCNACELwBSFXyq4qpAw4IARUAAIhCGAFwAcABBg==&rs=AOn4CLCmIdrNH_Rol_u94Ea_zd5l0pUwAA
118,"E4: Politicizing the pandemic, Police reform, Twitter vs Facebook with David Sacks & David Friedberg",4.0,https://www.youtube.com/watch?v=RAjxkslflQg&list=UUESLZhusAkFfsNsApnjF_Cg&index=140,"E4: Politicizing the pandemic, Police reform, Twitter vs Facebook with David Sacks & David Friedberg",https://i.ytimg.com/vi/RAjxkslflQg/hqdefault.jpg?sqp=-oaymwEcCNACELwBSFXyq4qpAw4IARUAAIhCGAFwAcABBg==&rs=AOn4CLAl5yFWDvlBx0kXb9ftfR94UG8p5Q
119,"E3: Modern Cold War, pandemic politicization & more with David Sacks & David Friedberg",3.0,https://www.youtube.com/watch?v=2m_bNAh5G6E&list=UUESLZhusAkFfsNsApnjF_Cg&index=141,"E3: Modern Cold War, pandemic politicization & more with David Sacks & David Friedberg",https://i.ytimg.com/vi/2m_bNAh5G6E/hqdefault.jpg?sqp=-oaymwEcCNACELwBSFXyq4qpAw4IARUAAIhCGAFwAcABBg==&rs=AOn4CLDHIsdtVnI8gCVEfk4DWT2MZ0zXng
120,"E2: Rebooting economy, understanding corporate debt, avoiding a depression & more with David Sacks",2.0,https://www.youtube.com/watch?v=LBB-rq3_vz8&list=UUESLZhusAkFfsNsApnjF_Cg&index=142,"E2: Rebooting economy, understanding corporate debt, avoiding a depression & more with David Sacks",https://i.ytimg.com/vi/LBB-rq3_vz8/hqdefault.jpg?sqp=-oaymwEcCNACELwBSFXyq4qpAw4IARUAAIhCGAFwAcABBg==&rs=AOn4CLC6lQfcwTR5gspHanl93JpSAiTNvw
121,"E1: US Response to COVID-19 & Impact on Startups, VC & Public Markets with David Friedberg",1.0,https://www.youtube.com/watch?v=zWFXRewP_FI&list=UUESLZhusAkFfsNsApnjF_Cg&index=143,"E1: US Response to COVID-19 & Impact on Startups, VC & Public Markets with David Friedberg",https://i.ytimg.com/vi/zWFXRewP_FI/hqdefault.jpg?sqp=-oaymwEcCNACELwBSFXyq4qpAw4IARUAAIhCGAFwAcABBg==&rs=AOn4CLC_Niibxg34ahwYU0dZUAX8wHM-8Q
